comment_unit_id,brand,brand_display,executive_theme,aspect,detailed_aspect,sentiment_group,display_text,display_priority,airport_code,month,subreddit,post_url,cross_brand_comparison
comment_0007375,AMEX,Amex,Access & Capacity,RESERVATION_SYSTEM,Reservation experience,MIXED_NEUTRAL,"It has the best small bites and mixed alcoholic drinks. I tried Chase once and while it was good, it wasn't worth the hour+ wait that took for me to get in. Letting me reserve through the AMEX app has completely changed my preference.",5,LAS,2026-06,ChaseSapphire,https://www.reddit.com/r/ChaseSapphire/comments/1tvwx3c/las_vegas_lounge_system_issues/,True
comment_0005034,AMEX,Amex,Access & Capacity,ACCESS_EXPERIENCE,Access experience,MIXED_NEUTRAL,15 days ago: Entered the LAX Centurion lounge at 9:30pm for a 12:20am flight no problem. Lounge closed at 10pm but people lingered until 10:15ish.,6,LAX,2026-07,AmexPlatinum,https://www.reddit.com/r/AmexPlatinum/comments/1umyjhv/lax_centurion_lounge_access_after_midnight/,False
comment_0011802,AMEX,Amex,Access & Capacity,SEATING_AVAILABILITY,Seating availability,MIXED_NEUTRAL,"My platinum isn’t our daily card so we haven’t come near a $75,000 spend. Anyway, the Centurion lounge seemed way nicer inside but was PACKED and the line for food was fairly long. There also weren’t a lot of chairs for sitting, especially together.",8,DFW,2026-04,AmexPlatinum,https://www.reddit.com/r/AmexPlatinum/comments/1sco9fn/recent_travels_found_amex_lounges_still_packed/,False
comment_0002849,AMEX,Amex,Access & Capacity,WAIT_TIME_QUEUE,Wait time & queues,MIXED_NEUTRAL,Just dealt with this. The Amex lounge right next door is double the size and got us in faster- still had to wait 20 minutes. The catch?,10,,2026-07,chasesapphirereserve,https://www.reddit.com/r/ChaseSapphireReserve/comments/1vc3gc0/csr_lounge_at_jfk_is_a_joke/,True
comment_0005243,CAPITAL_ONE,Capital One,Access & Capacity,CROWDING,Crowding,MIXED_NEUTRAL,my app also stated that the lounge was “at capacity” but when I went to the lounge physically there was absolutely no wait.,2,DFW,2026-07,Venturex,https://www.reddit.com/r/Venturex/comments/1ukt6au/lounge_at_capacity_but_no_waitlist/,False
comment_0006722,CAPITAL_ONE,Capital One,Access & Capacity,SEATING_AVAILABILITY,Seating availability,MIXED_NEUTRAL,No reservations for C1 lounges. You can add yourself to the waitlist if they’re full but that’s a day-of thing. C1 has a couple of Landings.,5,DCA,2026-06,Venturex,https://www.reddit.com/r/Venturex/comments/1u3zyfh/new_approval_lounge_accessapple_wallet/,False
comment_0017912,CHASE,Chase,Access & Capacity,CROWDING,Crowding,MIXED_NEUTRAL,"Honestly, this is what impressed me most. I still recommend that people who want lounge access make their decisions based on the airports they are most likely to fly through. But, having waited in line for C1 lounges many times, I had to hand it to Sapphire for the ability to accommodate people.",5,BOS,2026-01,Venturex,https://www.reddit.com/r/Venturex/comments/1qg7ab5/chase_sapphire_lounge_versus_cap_1_lounge/,False
comment_0017265,CHASE,Chase,Access & Capacity,WAIT_TIME_QUEUE,Wait time & queues,MIXED_NEUTRAL,"This isn't limited to just PP lounges, airline lounges can have waits now as well. I really enjoyed my time in the Chase Lounge and I would hope others wouldn't be dissuaded by the intermittent long waits.",6,,2026-01,ChaseSapphire,https://www.reddit.com/r/ChaseSapphire/comments/1qn6j7d/chase_lounge_in_vegas/,False
comment_0015050,DELTA,Delta,Access & Capacity,ACCESS_EXPERIENCE,Access experience,MIXED_NEUTRAL,"Usually you don't need to carry the card, but a few days ago when I tried to enter the lounge (also at SEA) I was asked to show my Amex plat or Delta reserve card.",1,SEA,2026-02,AmexPlatinum,https://www.reddit.com/r/AmexPlatinum/comments/1rdn42m/delta_lounge_access_without_physical_card/,False
comment_0005191,AMEX,Amex,Access & Capacity,WAIT_TIME_QUEUE,Wait time & queues,NEGATIVE,75+ people in line in ATL last Friday (6/26) waiting at 6am for the Centurion lounge to open.,3,ATL,2026-07,AmexPlatinum,https://www.reddit.com/r/AmexPlatinum/comments/1ukuq26/centurion_lounge_wait_times/,False
comment_0011802,AMEX,Amex,Access & Capacity,CROWDING,Crowding,NEGATIVE,the Centurion lounge seemed way nicer inside but was PACKED and the line for food was fairly long.,7,DFW,2026-04,AmexPlatinum,https://www.reddit.com/r/AmexPlatinum/comments/1sco9fn/recent_travels_found_amex_lounges_still_packed/,False
comment_0001395,AMEX,Amex,Access & Capacity,CROWDING,Crowding,NEGATIVE,"The speakeasy is just a dumb gimmick to distract you from all of the above. I only use that lounge as a waiting room for the Sapphire Lounge next door, tbqh I think it's the worst non-Priority Pass lounge in T4. Even the B Skyclub is better.",8,JFK,2026-08,AmexPlatinum,https://www.reddit.com/r/AmexPlatinum/comments/1vn05yd/best_centurion_lounge/,False
comment_0006424,AMEX,Amex,Access & Capacity,CROWDING,Crowding,NEGATIVE,"But still, food, beverage and seating selections were good. What a contrast to JFK: at 4pm the same day so many people were milling around outside both the Centurion and Etihad lounges, we practically had to step over people to get to the Delta One lounge (where there was no waiting).",9,JFK,2026-06,AmexPlatinum,https://www.reddit.com/r/AmexPlatinum/comments/1u7s5s4/genuinely_disappointed_by_the_lounges_this_far/,True
comment_0008820,AMEX,Amex,Access & Capacity,WAIT_TIME_QUEUE,Wait time & queues,NEGATIVE,"I travel off MIA quite often and the MIA Centurion lounge almost always has a wait time, varies from 30-1 hr depending what time you travel. Mornings are the worst, afternoons have a shorter wait time (\~30mins) but that doesn’t take in consideration that you have 5 in your party.",10,MIA,2026-05,AmexPlatinum,https://www.reddit.com/r/AmexPlatinum/comments/1t8b90x/for_the_lounge_access/,False
comment_0007126,AMEX,Amex,Access & Capacity,RESERVATION_SYSTEM,Reservation experience,NEGATIVE,So far this is true; they run a single giant list We just [added live wait times](https://thislounge.com/sfo) so feel free to check in advance for The Club (and Centurion) Personally I think paying a bit more for Alaska lounge access is worth it if you are flying oneworld as it is MUCH less crowded Showers cost extra so beware Virgin Atlantic and the other priority pass are not worth it at SFO.,12,SFO,2026-06,PriorityPass,https://www.reddit.com/r/PriorityPass/comments/1tzpat1/the_club_at_sfo_and_other_lounge_access_according/,False
comment_0013609,AMEX,Amex,Access & Capacity,WAIT_TIME_QUEUE,Wait time & queues,NEGATIVE,wait time today for Amex lounge at IAH is over two hours and thirty mins.,12,IAH,2026-03,amex,https://www.reddit.com/r/amex/comments/1rr5ka6/feels_like_the_lounges_are_no_use_these_days/,False
comment_0011771,AMEX,Amex,Access & Capacity,SEATING_AVAILABILITY,Seating availability,NEGATIVE,2 cards + guest access spend met. The Centurion lounge used to be a break from the chaos of waiting at the gate but they don't feel like that anymore.,15,LAX,2026-04,AmexPlatinum,https://www.reddit.com/r/AmexPlatinum/comments/1sco9fn/recent_travels_found_amex_lounges_still_packed/,False
comment_0017252,AMEX,Amex,Access & Capacity,SEATING_AVAILABILITY,Seating availability,NEGATIVE,"American Express, for example when I was in that line out about months ago, I wanted to go into the American Express lounge they're a QR code. They're just telling you to scan a QR code and just reserve your stuff in line.",20,,2026-01,ChaseSapphire,https://www.reddit.com/r/ChaseSapphire/comments/1qn6j7d/chase_lounge_in_vegas/,False
comment_0001474,AMEX,Amex,Access & Capacity,CROWDING,Crowding,NEGATIVE,So I skip it altogether and sit at that miserable little restaurant just outside the lounge and get a burger and a coke. The upside: that restaurant is virtually always empty vs the lounge which is generally packed. I don’t want to sit right up against a bunch of other travelers.,21,LGA,2026-08,ChaseSapphire,https://www.reddit.com/r/ChaseSapphire/comments/1vnqx6e/review_chase_sapphire_lounge_at_lga/,False
comment_0012680,AMEX,Amex,Access & Capacity,ACCESS_EXPERIENCE,Access experience,NEGATIVE,"MIA has been the most terrible service staff out of the 15+ Centurion Lounges I've been to. They wouldn't let me in even 10 mins early for a meeting, claiming a packed lounge (which clearly wasn't, empty queues, and no waitlist either). On requesting, they say ""sorry sir this is a bank and bank makes no exceptions for anyone"".",22,MIA,2026-03,AmexPlatinum,https://www.reddit.com/r/AmexPlatinum/comments/1rzz5of/mia_centurion_lounge/,False
comment_0010364,AMEX,Amex,Access & Capacity,RESERVATION_SYSTEM,Reservation experience,NEGATIVE,"They've taken to making you get on a wait list now, before they'd pack them in too tight. Just a few days ago, my wife and I were sitting in the Admirals Club at CLT waiting for our turn to come up for the Centurion Lounge.",24,CLT,2026-04,AmexPlatinum,https://www.reddit.com/r/AmexPlatinum/comments/1sqycmc/are_other_centurion_lounges_better_than_dfw/,False
comment_0004357,AMEX,Amex,Access & Capacity,RESERVATION_SYSTEM,Reservation experience,NEGATIVE,"until they adopt the reserve system like the PHX lounge, trying to get into the lounges during the day is going to be a pain in the butt. I go to DFW once or twice every month and the centurion lounge even with the waitlist system is hell. Can't even imagine what it'll be at the Sapphire Lounge without a system.",25,DFW,2026-07,ChaseSapphire,https://www.reddit.com/r/ChaseSapphire/comments/1uxb2mt/chase_sapphire_lounge_dfw_officially_opening_on/,True
comment_0008191,AMEX,Amex,Access & Capacity,RESERVATION_SYSTEM,Reservation experience,NEGATIVE,90 minute wait at Centurion Lounge in LAS. They never event sent me a txt.,27,LAS,2026-05,ChaseSapphire,https://www.reddit.com/r/ChaseSapphire/comments/1tk2eg9/priority_pass_in_atl_total_fail_of_a_benefit/,False
comment_0012498,CAPITAL_ONE,Capital One,Access & Capacity,WAIT_TIME_QUEUE,Wait time & queues,NEGATIVE,Not everyone wants to sit in the lounge and wait for food to be brought to them.,2,LGA,2026-03,Venturex,https://www.reddit.com/r/Venturex/comments/1s2hma5/landing_over_the_lounges/,False
comment_0000884,CAPITAL_ONE,Capital One,Access & Capacity,WAIT_TIME_QUEUE,Wait time & queues,NEGATIVE,there was a 1-hour wait the one time I tried to use a C1 lounge (at DEN),4,DEN,2026-08,CreditCards,https://www.reddit.com/r/CreditCards/comments/1vpv1bw/premium_travel_card_recommendation/,False
comment_0006087,CAPITAL_ONE,Capital One,Access & Capacity,RESERVATION_SYSTEM,Reservation experience,NEGATIVE,The wait time in the app is often at least twice as long as what it ends up actually being for the DEN Cap1 lounge.,6,DEN,2026-06,Venturex,https://www.reddit.com/r/Venturex/comments/1u9kmfj/wasnt_the_companion_fee_to_eliminate_waits_like/,False
comment_0011586,CAPITAL_ONE,Capital One,Access & Capacity,WAIT_TIME_QUEUE,Wait time & queues,NEGATIVE,the line for the single (!) shower at Capital One was so long.,8,JFK,2026-04,Venturex,https://www.reddit.com/r/Venturex/comments/1sef9g4/going_into_cap_one_lounge_early/,True
comment_0009385,CAPITAL_ONE,Capital One,Access & Capacity,ACCESS_EXPERIENCE,Access experience,NEGATIVE,We arrived at Capital One Lounge in Laguardia Airport w/wheelchair assistance and were turned away since it was 12 pm and more than 3 hours from our 4 pm departure time. I asked for the manager and explained it would be difficult to go & come back since we needed wheel chair assistance.,11,LGA,2026-05,Venturex,https://www.reddit.com/r/Venturex/comments/1t31a4v/lga_capital1_landing_lounge/,False
comment_0018219,CAPITAL_ONE,Capital One,Access & Capacity,CROWDING,Crowding,NEGATIVE,"And if I get to a point where the $395 (or whatever with any card) isn't being recouped I'll just downgrade and keep the high credit limit. As for lounges, where there are any applicable (some airports I've run into have only airline-only lounges so PP or Chase or VX don't help), I've never had any difficulty with lines or waits.",16,,2026-01,Venturex,https://www.reddit.com/r/Venturex/comments/1qd73c7/venture_x_in_2026/,False
comment_0006722,CAPITAL_ONE,Capital One,Access & Capacity,CROWDING,Crowding,NEGATIVE,No reservations for C1 lounges. You can add yourself to the waitlist if they’re full but that’s a day-of thing. C1 has a couple of Landings.,17,DCA,2026-06,Venturex,https://www.reddit.com/r/Venturex/comments/1u3zyfh/new_approval_lounge_accessapple_wallet/,False
comment_0011560,CHASE,Chase,Access & Capacity,RESERVATION_SYSTEM,Reservation experience,NEGATIVE,Sapphire lounges not having some sort of waitlist option on the app is kind of wacky.,2,LAS,2026-04,ChaseSapphire,https://www.reddit.com/r/ChaseSapphire/comments/1se87on/surprised_at_2_hr_wait_at_las/,True
comment_0012803,CHASE,Chase,Access & Capacity,ACCESS_EXPERIENCE,Access experience,NEGATIVE,"At least my $895 annual fee card is working for me in the Lounge department. I have no problem limiting Lounge access to just CSR Holders and two guests, but all the other cards that give access have got to go. You wants Sapphire Lounge Access, pay the Sapphire Lounge $795 annual fee.",5,LAS,2026-03,ChaseSapphire,https://www.reddit.com/r/ChaseSapphire/comments/1rz545v/one_time_pass_for_priority_pass/,True
comment_0011564,CHASE,Chase,Access & Capacity,WAIT_TIME_QUEUE,Wait time & queues,NEGATIVE,"Considering what I pay annually, I expect Chase to manage the situation a lot better. I will not be renewing, so at least you all that keep paying will have one less person in line",7,LAS,2026-04,ChaseSapphire,https://www.reddit.com/r/ChaseSapphire/comments/1se87on/surprised_at_2_hr_wait_at_las/,False
comment_0002662,CHASE,Chase,Access & Capacity,WAIT_TIME_QUEUE,Wait time & queues,NEGATIVE,35 minute wait for Chase lounge at 4pm on Thursday at PHL. It is frustrating.,8,PHL,2026-07,ChaseSapphire,https://www.reddit.com/r/ChaseSapphire/comments/1vbsbun/chase_is_removing_sapphire_lounges_from_priority/,False
comment_0004357,CHASE,Chase,Access & Capacity,WAIT_TIME_QUEUE,Wait time & queues,NEGATIVE,"until they adopt the reserve system like the PHX lounge, trying to get into the lounges during the day is going to be a pain in the butt. I go to DFW once or twice every month and the centurion lounge even with the waitlist system is hell. Can't even imagine what it'll be at the Sapphire Lounge without a system.",8,DFW,2026-07,ChaseSapphire,https://www.reddit.com/r/ChaseSapphire/comments/1uxb2mt/chase_sapphire_lounge_dfw_officially_opening_on/,True
comment_0011119,CHASE,Chase,Access & Capacity,WAIT_TIME_QUEUE,Wait time & queues,NEGATIVE,at airports like JFK I see the Chase lounge line and it often looks worse.,10,JFK,2026-04,AmexPlatinum,https://www.reddit.com/r/AmexPlatinum/comments/1sj09he/is_there_any_amex_lounges_that_arent_a_zoo_at/,False
comment_0011586,CHASE,Chase,Access & Capacity,ACCESS_EXPERIENCE,Access experience,NEGATIVE,It was a guy just holding an iPad not the folks at the desk on the right so maybe I got lucky. I did pop out at one point to get on the Chase lounge waitlist to take a shower because the line for the single (!) shower at Capital One was so long. Chase enforced the 3-hour rule though and did not care that I was on a layover.,10,JFK,2026-04,Venturex,https://www.reddit.com/r/Venturex/comments/1sef9g4/going_into_cap_one_lounge_early/,True
comment_0009275,CHASE,Chase,Access & Capacity,CROWDING,Crowding,NEGATIVE,Obviously the lounge is far too small for the number of eligible cardholders who travel from Las Vegas. It was probably the only space that Chase could rent but maybe they should have turned it down until the airport was able to give them a larger space.,11,LAS,2026-05,chasesapphirereserve,https://www.reddit.com/r/ChaseSapphireReserve/comments/1t36248/whats_the_point_of_a_lounge_with_a_two_hour_wait/,False
comment_0002349,CHASE,Chase,Access & Capacity,CROWDING,Crowding,NEGATIVE,The crowds at the CSR and AMEX lounges make it not worth going.,12,LGA,2026-08,AmexPlatinum,https://www.reddit.com/r/AmexPlatinum/comments/1ve5eks/why_some_travelers_say_airport_lounges_just_arent/,False
comment_0011563,CHASE,Chase,Access & Capacity,CROWDING,Crowding,NEGATIVE,"I had to wait for 45 mins at least on Sunday morning. The LAS lounge is exclusively built for a small clientele, but everyone with a dime got CSR now",13,LAS,2026-04,ChaseSapphire,https://www.reddit.com/r/ChaseSapphire/comments/1se87on/surprised_at_2_hr_wait_at_las/,False
comment_0015999,CHASE,Chase,Access & Capacity,CROWDING,Crowding,NEGATIVE,"I was personally a little underwhelmed with the Sapphire lounge last month. It’s quite small and even as an actual card holder I had to wait 15-20 minutes to get in (partially my fault since I wasn’t aware I could make a reservation days ahead of time). That being said, it’s got a small foot print so it felt like people were constantly right on top of each other.",15,PHX,2026-02,AmexPlatinum,https://www.reddit.com/r/AmexPlatinum/comments/1qzdwwj/phx_terminal_4_lounge_centurion_vs_sapphire_lounge/,True
comment_0010939,CHASE,Chase,Access & Capacity,CROWDING,Crowding,NEGATIVE,"We were just at this lounge 2 days ago and we came very early in the morning (5 am) since we are flying red eye. We got in just fine but the lounge was almost at full capacity at 5 am in the morning. Its so small (one floor, and all the seats were mostly occupied already).",17,LAS,2026-04,ChaseSapphire,https://www.reddit.com/r/ChaseSapphire/comments/1skriy1/tried_getting_into_sapphire_lounge_las_vegas/,False
comment_0007385,CHASE,Chase,Access & Capacity,ACCESS_EXPERIENCE,Access experience,NEGATIVE,"Venture X has occasional waits at $400 less than the AF of this card, and boasts an online waitlist. Every time I’ve seen a Chase Lounge, there’s always a huge line outside and cardholders often cannot access the lounge before a flight. Was at LGA, passed by a huge line outside the Sapphire and walked right into the Cap One Landing.",18,LGA,2026-06,ChaseSapphire,https://www.reddit.com/r/ChaseSapphire/comments/1tvwx3c/las_vegas_lounge_system_issues/,False
comment_0002806,CHASE,Chase,Access & Capacity,ACCESS_EXPERIENCE,Access experience,NEGATIVE,I tried getting into the sapphire lounge 5 times in the past \~ 2 years and not once was the wait time under 2 hours for PP users.,19,PHX,2026-07,Venturex,https://www.reddit.com/r/Venturex/comments/1vbwgvd/venture_x_will_no_longer_get_annual_admission/,False
comment_0019440,CHASE,Chase,Access & Capacity,SEATING_AVAILABILITY,Seating availability,NEGATIVE,I agree the LAS chase lounge is great for southwest travel but actually getting in was a nightmare. We waited 1.5 hours before being able to sit in just the « champagne » room as they said they were getting a table ready for us downstairs but had 5 minutes until boarding so I just ran downstairs to grab some food then booked it to our gate. So annoying.,20,LAS,2026-01,ChaseSapphire,https://www.reddit.com/r/ChaseSapphire/comments/1q3dv6d/csr_lounge_worthless/,False
comment_0003784,CHASE,Chase,Access & Capacity,RESERVATION_SYSTEM,Reservation experience,NEGATIVE,I don't know if Chase is starting to limit more but we have had wait-lists the last several times at BOS which we never saw before (I think this might be related to Spirit leaving and JetBlue flying out of that area now but regardless) I've never had an issue with a United club lounge anywhere. Plus star alliance gold is awesome internationally.,21,BOS,2026-07,CreditCards,https://www.reddit.com/r/CreditCards/comments/1v3s3tq/best_travel_card_with_lounge_access/,False
comment_0013904,CHASE,Chase,Access & Capacity,RESERVATION_SYSTEM,Reservation experience,NEGATIVE,"I have the sapphire reserve card and still can never get into any lounges to include the chase lounges. We had a layover in Phoenix last month from vacation and there was a 1 hr waiting list, so much for chase sapphire reserve card members getting priority over priority pass people.",22,,2026-03,CreditCards,https://www.reddit.com/r/CreditCards/comments/1rn6yly/chase_sapphire_reserve_and_airport_lounges/,False
comment_0012820,DELTA,Delta,Access & Capacity,CROWDING,Crowding,NEGATIVE,Crowding is usually overwhelming at centurion during peak times as well as terminal b sky club.,2,,2026-03,AmexPlatinum,https://www.reddit.com/r/AmexPlatinum/comments/1rz1vrj/jfk_term_4_best_option_seems_to_be/,False
comment_0003451,DELTA,Delta,Access & Capacity,CROWDING,Crowding,NEGATIVE,All the lounges I’ve visited this last year were packed. Even the delta ones,4,,2026-07,AmexPlatinum,https://www.reddit.com/r/AmexPlatinum/comments/1v5hys5/den_centurion_lounge_lines_are_getting_rough/,False
comment_0014793,DELTA,Delta,Access & Capacity,ACCESS_EXPERIENCE,Access experience,NEGATIVE,"The main delta Terminal (A) is a completely disconnected terminal from terminals BCE, where the sapphire lounge is. So most likely if you’re on a delta flight, if you want to access the lounge you will have to re-enter TSA to get back into Terminal A. Found that out after I had already gone through TSA to Terminal A, definitely really difficult.",5,BOS,2026-02,ChaseSapphire,https://www.reddit.com/r/ChaseSapphire/comments/1rgmr94/lounge_locations_in_bos_lga_jfk/,False
comment_0005799,DELTA,Delta,Access & Capacity,ACCESS_EXPERIENCE,Access experience,NEGATIVE,But just using the $200 Delta Stays credit + companion pass even if you fly main will offset the annual fee. The MCO delta lounge is never crowded since you don’t have that many business travelers - it’s my current home airport. ATL has 8 Delta lounges.,7,,2026-06,PriorityPass,https://www.reddit.com/r/PriorityPass/comments/1ubw4no/is_it_worth_it_us_travel/,False
comment_0010682,DELTA,Delta,Access & Capacity,WAIT_TIME_QUEUE,Wait time & queues,NEGATIVE,"crazy wait times now- amex, delta, cap1, chase, PP.",8,,2026-04,Venturex,https://www.reddit.com/r/Venturex/comments/1so8ieh/this_card_is_not_what_it_advertised/,False
comment_0009064,DELTA,Delta,Access & Capacity,ACCESS_EXPERIENCE,Access experience,NEGATIVE,If it’s that bad - and it really is I agree - why do you still have the card? I started flying frequently in 2021 out of ATL and had Centurion lounge access vis the Delta Reserve. The only time I bothered with Centurion was flying to CLT where there was no Delta lounge at the time and LAS where there isn’t one.,9,,2026-05,AmexPlatinum,https://www.reddit.com/r/AmexPlatinum/comments/1t4458m/centurion_lounge_rant/,False
comment_0006424,DELTA,Delta,Access & Capacity,CROWDING,Crowding,NEGATIVE,"But still, food, beverage and seating selections were good. What a contrast to JFK: at 4pm the same day so many people were milling around outside both the Centurion and Etihad lounges, we practically had to step over people to get to the Delta One lounge (where there was no waiting).",10,SLC,2026-06,AmexPlatinum,https://www.reddit.com/r/AmexPlatinum/comments/1u7s5s4/genuinely_disappointed_by_the_lounges_this_far/,True
comment_0006849,DELTA,Delta,Access & Capacity,CROWDING,Crowding,NEGATIVE,Here are iad and saw this- Went on to the delta club . No waiting but it did get crowded for an hour or so,11,IAD,2026-06,AmexPlatinum,https://www.reddit.com/r/AmexPlatinum/comments/1u38idt/centurion_lounge_crowding/,False
comment_0019572,DELTA,Delta,Access & Capacity,SEATING_AVAILABILITY,Seating availability,NEGATIVE,We don’t like Seattle either but it was the only one we could access due to our airline. We normally go to delta lounges and they’re much better.,13,ATL,2026-01,AmexPlatinum,https://www.reddit.com/r/AmexPlatinum/comments/1q0tzas/centurion_lounges_going_downhill/,False
comment_0004630,DELTA,Delta,Access & Capacity,CROWDING,Crowding,NEGATIVE,"If Terminal 3, and Delta, you want the skyclub easily. Just know that it's a smaller club and depending on time of day can be crowded. Personally one of my least favorite (and its my home club), but can still be fun.",14,,2026-07,AmexPlatinum,https://www.reddit.com/r/AmexPlatinum/comments/1urkwj3/phoenix_lounge_question/,False
comment_0014747,AMEX,Amex,Access & Capacity,ACCESS_EXPERIENCE,Access experience,POSITIVE,Amex does the same at a number of their lounges (namely HND) and I've never found it to be a problem. It definitely helps when lounges are packed so you're not arguing with some guy to move his bag off the only spare chair in the lounge. That said the PHX Sapphire lounge is definitely not the best in the network.,5,HND,2026-02,ChaseSapphire,https://www.reddit.com/r/ChaseSapphire/comments/1rggptv/phx_chase_sapphire_lounge_is_terrible/,True
comment_0019582,AMEX,Amex,Access & Capacity,RESERVATION_SYSTEM,Reservation experience,POSITIVE,"SEA Centurion lounge have by far the best cookies. Idk what it is… usually fly out in the morning, I always ensure when I get to security j book a reservation so I’m not waiting. Inside we sometimes have trouble finding seats, but in my experience they do a decent job of managing space in the mornings.",6,SEA,2026-01,AmexPlatinum,https://www.reddit.com/r/AmexPlatinum/comments/1q0tzas/centurion_lounges_going_downhill/,False
comment_0007317,AMEX,Amex,Access & Capacity,WAIT_TIME_QUEUE,Wait time & queues,POSITIVE,"75k gets you two free guests and also unlocks no limit on delta visits and 2 guests at delta. Now, I’ve had great luck at crowded lounges like SeaTac. I’ll put group of 3 and check in when flying solo.",9,SEA,2026-06,AmexPlatinum,https://www.reddit.com/r/AmexPlatinum/comments/1twyn0c/reserved_at_centurion_lounge/,False
comment_0003743,AMEX,Amex,Access & Capacity,RESERVATION_SYSTEM,Reservation experience,POSITIVE,"I much prefer going to a lounge, being able to quickly grab a drink and a snack, and relax. And yes, Centurion lounges are crowded these days, but if you get on the waitlist when you get to the airport, you can usually get in without much of a wait and again, it's still better than the terminal. TLDR: if you want simplicity and value (aka saving money), VX + Savor is great.",11,,2026-07,CreditCards,https://www.reddit.com/r/CreditCards/comments/1v4meoz/holy_grail_of_cc_combos_vx_savor/,False
comment_0006691,AMEX,Amex,Access & Capacity,RESERVATION_SYSTEM,Reservation experience,POSITIVE,"I already had the Amex so I am much better covered in regards to lounges than I was. I think the VentureX is a great card at a basically neutral cost but you might want to get the Amex Plat for ATL lounge access. Their lounges get crowded but when they are, you can waitlist prior to getting to the lounge.",17,ATL,2026-06,Venturex,https://www.reddit.com/r/Venturex/comments/1u4wc7e/priority_pass_benefit_is_worthless_if_you_live_in/,True
comment_0007375,AMEX,Amex,Access & Capacity,ACCESS_EXPERIENCE,Access experience,POSITIVE,"It has the best small bites and mixed alcoholic drinks. I tried Chase once and while it was good, it wasn't worth the hour+ wait that took for me to get in. Letting me reserve through the AMEX app has completely changed my preference.",23,LAS,2026-06,ChaseSapphire,https://www.reddit.com/r/ChaseSapphire/comments/1tvwx3c/las_vegas_lounge_system_issues/,True
comment_0019568,AMEX,Amex,Access & Capacity,SEATING_AVAILABILITY,Seating availability,POSITIVE,"I'm don't have a ton of lounge experience, but I was very pleased with SLC's centurion.the food was indeed hot, staff was very friendly and helpful, and felt like there was plenty of seating. SLC's is pretty dang new though, only opened a couple months ago",24,SLC,2026-01,AmexPlatinum,https://www.reddit.com/r/AmexPlatinum/comments/1q0tzas/centurion_lounges_going_downhill/,False
comment_0001717,CAPITAL_ONE,Capital One,Access & Capacity,RESERVATION_SYSTEM,Reservation experience,POSITIVE,The lga lounge when I went was not that busy when I went but it is a very nice lounge imo. For me personally I normally get to the airport three hours early if I know I’ll have access to a quality lounge.,5,LGA,2026-08,Venturex,https://www.reddit.com/r/Venturex/comments/1vl7io6/itll_be_my_first_time_at_a_lounge_my_next_trip/,False
comment_0017899,CAPITAL_ONE,Capital One,Access & Capacity,RESERVATION_SYSTEM,Reservation experience,POSITIVE,I’ve only been to one Centurion Lounge so far but the check in people at LAS were very nice. There wasn’t a wait and they even told me directions to my gate since it was in another terminal after checking me in. I could have got lucky.,10,,2026-01,ChaseSapphire,https://www.reddit.com/r/ChaseSapphire/comments/1qhhy0p/chase_sapphire_lounges_vs_amex_centurion/,True
comment_0012499,CAPITAL_ONE,Capital One,Access & Capacity,WAIT_TIME_QUEUE,Wait time & queues,POSITIVE,"In my experience, the Landings don’t have a wait time either. Went to the new landing in LGA last week and got it in with no wait and got my entrees in about 30 minutes, was very pleasant",11,LGA,2026-03,Venturex,https://www.reddit.com/r/Venturex/comments/1s2hma5/landing_over_the_lounges/,False
comment_0013701,CAPITAL_ONE,Capital One,Access & Capacity,WAIT_TIME_QUEUE,Wait time & queues,POSITIVE,I proceeded to Capital One lounge (no wait).,11,LAS,2026-03,AmexPlatinum,https://www.reddit.com/r/AmexPlatinum/comments/1rq75q1/side_car_las_vegas/,False
comment_0017918,CAPITAL_ONE,Capital One,Access & Capacity,WAIT_TIME_QUEUE,Wait time & queues,POSITIVE,"I recently tried both C1 and Chase Sapphire lounges in JFK. They were both good, each had its advantages: C1: open 24/7, providing snacks and food to-go for the flight, bigger and exclusive to C1 so less waiting time (in both times I went I didn't have to wait). Chase: better food (more selection, bigger portions and tastiest overall).",14,JFK,2026-01,Venturex,https://www.reddit.com/r/Venturex/comments/1qg7ab5/chase_sapphire_lounge_versus_cap_1_lounge/,True
comment_0006330,CAPITAL_ONE,Capital One,Access & Capacity,CROWDING,Crowding,POSITIVE,"I was there yesterday, as well, and they told me the same thing. The Landing was not busy at all, which is great on one hand, but I couldn’t help but wonder if that’s the real reason why there is no hot food. The cold tapas were delicious, though, as were the drinks.",19,LGA,2026-06,Venturex,https://www.reddit.com/r/Venturex/comments/1u8k3gu/capital_one_lounge_lga_no_hot_food/,False
comment_0008001,CHASE,Chase,Access & Capacity,WAIT_TIME_QUEUE,Wait time & queues,POSITIVE,"I have never waited for a lounge there in terms of Chase, Turkish or KLM/AF.",2,IAD,2026-05,ChaseSapphire,https://www.reddit.com/r/ChaseSapphire/comments/1tne59o/chase_loungeiad_dulles/,False
comment_0007306,CHASE,Chase,Access & Capacity,ACCESS_EXPERIENCE,Access experience,POSITIVE,"A couple months ago, I arrived at SAN airport like 3 hours before my flight and the flight was delayed 2 hours. Got to the Chase Sapphire lounge, there was no line and the person there did not even bat an eye and let me in 5 hours before my flight. That was the second Chase lounge I have entered using priority pass and now have CSR so I can go more than once a year.",5,SAN,2026-06,ChaseSapphire,https://www.reddit.com/r/ChaseSapphire/comments/1tw7j5y/chase_lounge_san_diego_with_terminal_1_layover/,False
comment_0002849,CHASE,Chase,Access & Capacity,RESERVATION_SYSTEM,Reservation experience,POSITIVE,Just dealt with this. The Amex lounge right next door is double the size and got us in faster- still had to wait 20 minutes. The catch?,7,,2026-07,chasesapphirereserve,https://www.reddit.com/r/ChaseSapphireReserve/comments/1vc3gc0/csr_lounge_at_jfk_is_a_joke/,True
comment_0017912,CHASE,Chase,Access & Capacity,SEATING_AVAILABILITY,Seating availability,POSITIVE,"I found both enjoyable. 2) The Sapphire lounge seemed to be a significantly larger space. I was honestly surprised I got in (with no wait, at that), it being three days before Christmas at 2pm.",10,BOS,2026-01,Venturex,https://www.reddit.com/r/Venturex/comments/1qg7ab5/chase_sapphire_lounge_versus_cap_1_lounge/,False
comment_0000545,CHASE,Chase,Access & Capacity,WAIT_TIME_QUEUE,Wait time & queues,POSITIVE,"I was traveling most of July and visited 5 lounges with no issue. Only in my home airport did I have a 5 min wait (PP lounge is very small), and everywhere else I was able to walk right in. In May I was in NY and visited the LGA sapphire lounge and also had zero wait.",17,LGA,2026-08,chasesapphirereserve,https://www.reddit.com/r/ChaseSapphireReserve/comments/1vtilpl/priority_pass_is_borderline_no_longer_usable/,False
comment_0002651,CHASE,Chase,Access & Capacity,SEATING_AVAILABILITY,Seating availability,POSITIVE,"CSR lounge at DFW is nice too in terms of having multiple seating areas that you can relax while waiting for your flight - nice big, inviting sofas.",18,DFW,2026-07,ChaseSapphire,https://www.reddit.com/r/ChaseSapphire/comments/1vbsbun/chase_is_removing_sapphire_lounges_from_priority/,False
comment_0010826,CHASE,Chase,Access & Capacity,SEATING_AVAILABILITY,Seating availability,POSITIVE,"This lounge is great, they even have quiet rooms for reservation and you get complementary facials (wife did one). There's two floors and a 360 open bar.",18,LGA,2026-04,ChaseSapphire,https://www.reddit.com/r/ChaseSapphire/comments/1sm8xlr/the_lga_sapphire_loungewow/,False
comment_0014760,CHASE,Chase,Access & Capacity,RESERVATION_SYSTEM,Reservation experience,POSITIVE,"Had a wonderful time at PHX CS Lounge this month: - we made a reservation in advance, zero wait - immediate table service upon sitting and checked in after 15 minutes as well - “King”, the bartender made custom cocktails for me and was an awesome gentleman - staff bought treats for the kids It’s likely those “open tables” we reserved.",19,PHX,2026-02,ChaseSapphire,https://www.reddit.com/r/ChaseSapphire/comments/1rggptv/phx_chase_sapphire_lounge_is_terrible/,False
comment_0013145,CHASE,Chase,Access & Capacity,RESERVATION_SYSTEM,Reservation experience,POSITIVE,A reservation system would help. I’ve been twice since it opened and both times my wait was just under an hour once they took my phone number. One thing I did both times rather than sit down somewhere nearby was to take the tram over to the D gates and get a quick drink at the Club lounge there.,23,LAS,2026-03,ChaseSapphire,https://www.reddit.com/r/ChaseSapphire/comments/1rv8lwx/first_visit_to_las_lounge/,False
comment_0000548,CHASE,Chase,Access & Capacity,CROWDING,Crowding,POSITIVE,I’ve seen a few reports of people saying they’re less crowded with shorter waits after the change. My only time in a sapphire lounge (LGA) was before the change and we walked right in with no wait. Hopefully you get in quickly!,24,LGA,2026-08,chasesapphirereserve,https://www.reddit.com/r/ChaseSapphireReserve/comments/1vspzm5/anyone_been_to_the_lounges_after_they_stopped/,False
comment_0006424,DELTA,Delta,Access & Capacity,SEATING_AVAILABILITY,Seating availability,POSITIVE,"But still, food, beverage and seating selections were good. What a contrast to JFK: at 4pm the same day so many people were milling around outside both the Centurion and Etihad lounges, we practically had to step over people to get to the Delta One lounge (where there was no waiting).",7,SLC,2026-06,AmexPlatinum,https://www.reddit.com/r/AmexPlatinum/comments/1u7s5s4/genuinely_disappointed_by_the_lounges_this_far/,True
comment_0005928,DELTA,Delta,Access & Capacity,WAIT_TIME_QUEUE,Wait time & queues,POSITIVE,If we're talking about the line only then yeah delta wins. But the food and bars are a bit better at Amex imho.,8,,2026-06,AmexPlatinum,https://www.reddit.com/r/AmexPlatinum/comments/1uaz9ug/sfo_delta_sky_club_vs_centurion_temp/,False
comment_0011141,DELTA,Delta,Access & Capacity,WAIT_TIME_QUEUE,Wait time & queues,POSITIVE,"SLC is the best airport, never a wait to get in the delta lounge.",11,SLC,2026-04,AmexPlatinum,https://www.reddit.com/r/AmexPlatinum/comments/1sj09he/is_there_any_amex_lounges_that_arent_a_zoo_at/,False
comment_0007266,DELTA,Delta,Access & Capacity,CROWDING,Crowding,POSITIVE,"The Escape Lounge is practically brand new, very nice. Sky Club felt a little small and dated, though for a redeye I don’t think you’ll struggle for space. The nice thing is the lounges are a one min walk apart, so if you don’t like one you can just go to the other!",15,,2026-06,AmexPlatinum,https://www.reddit.com/r/AmexPlatinum/comments/1txtk3f/pdx_delta_sky_club_or_escape_lounge/,False
comment_0004014,AMEX,Amex,Food & Beverage,FOOD_QUALITY,Food quality,MIXED_NEUTRAL,LAS was so busy Amex opened Sidecar with capacity for 49 fliers. Small menu with excellent cocktails and tapas.,9,LAS,2026-07,AmexPlatinum,https://www.reddit.com/r/AmexPlatinum/comments/1uzpru9/airport_lounge_crowds_and_confusion_infuriate/,False
comment_0003238,AMEX,Amex,Food & Beverage,FOOD_QUALITY,Food quality,MIXED_NEUTRAL,They have two pretty nice bars as well. They also do amazing wine events there (but those are Centurion only).,10,,2026-07,AmexPlatinum,https://www.reddit.com/r/AmexPlatinum/comments/1v868w6/went_to_the_centurion_new_york_restaurant_in_nyc/,False
comment_0011802,AMEX,Amex,Food & Beverage,FOOD_QUALITY,Food quality,MIXED_NEUTRAL,"My platinum isn’t our daily card so we haven’t come near a $75,000 spend. Anyway, the Centurion lounge seemed way nicer inside but was PACKED and the line for food was fairly long. There also weren’t a lot of chairs for sitting, especially together.",11,DFW,2026-04,AmexPlatinum,https://www.reddit.com/r/AmexPlatinum/comments/1sco9fn/recent_travels_found_amex_lounges_still_packed/,False
comment_0004123,CAPITAL_ONE,Capital One,Food & Beverage,FOOD_QUALITY,Food quality,MIXED_NEUTRAL,"I think the food is kinda meh at cap1, but it's still better than the Amex lounges.",2,,2026-07,Venturex,https://www.reddit.com/r/Venturex/comments/1uzei7k/hot_take_lounges_suck_now/,False
comment_0007255,CAPITAL_ONE,Capital One,Food & Beverage,FOOD_QUALITY,Food quality,MIXED_NEUTRAL,"huge plus that ever since they removed guests, I've never had to wait for lounge access. though i second the point someone else made about the breakfast at dca landing being bad. it is bad.",5,DCA,2026-06,Venturex,https://www.reddit.com/r/Venturex/comments/1txx2av/dc_area_folks_is_the_food_better_at_dca_landing/,False
comment_0019210,CHASE,Chase,Food & Beverage,FOOD_QUALITY,Food quality,MIXED_NEUTRAL,"found their food to be consistently worse than Amex lounges food. Chase lounges food does look better, but that’s it.",2,,2026-01,amex,https://www.reddit.com/r/amex/comments/1q5waya/easy_centurion_lounge_improvement/,False
comment_0005012,CHASE,Chase,Food & Beverage,BEVERAGE_BAR,Beverage & bar,MIXED_NEUTRAL,"I’ve been to the PHL Chase Sapphire lounge at least 6-7 times, and I’ve never seen it filthy or dirty. Food is hit or miss, as are the drinks, but that’s understandable. Sometimes you don’t get your order, as it slips through the cracks and you’re waiting for nothing.",7,PHL,2026-07,ChaseSapphire,https://www.reddit.com/r/ChaseSapphire/comments/1uobyq8/philadelphia_chase_sapphire_lounge/,False
comment_0018911,AMEX,Amex,Food & Beverage,FOOD_QUALITY,Food quality,NEGATIVE,the food is the worst by far of any of the centurion lounges I’ve been to.,3,SLC,2026-01,amex,https://www.reddit.com/r/amex/comments/1q70r9b/slc_centurion_lounge_is_on_another_level/,False
comment_0019571,AMEX,Amex,Food & Beverage,BEVERAGE_BAR,Beverage & bar,NEGATIVE,"The only problem I have with SEA is the Capitol Hill cocktail is no longer on offer now that Amex has changed to more standardized bar menus. When they told me a few weeks ago, it was a stab to the heart.",12,SEA,2026-01,AmexPlatinum,https://www.reddit.com/r/AmexPlatinum/comments/1q0tzas/centurion_lounges_going_downhill/,False
comment_0015857,AMEX,Amex,Food & Beverage,FOOD_AVAILABILITY,Food availability,NEGATIVE,There’s a sad small buffet of barely anything with a queue usually wrapped nearly to the entrance and just the bathrooms are headed towards the same quality as the ones outside the lounge and it’s just depressing in there like ive never actually been so just sad looking around a lounge or really many places and that place makes me honestly just really sad anytime I run in.,13,DFW,2026-02,AmexPlatinum,https://www.reddit.com/r/AmexPlatinum/comments/1r29rx9/jfk_centurion/,False
comment_0014740,AMEX,Amex,Food & Beverage,FOOD_AVAILABILITY,Food availability,NEGATIVE,"Visited around midday on July 16. The lounge was only about half occupied, yet many tables were dirty, food stations weren’t being maintained, and the overall experience felt understaffed and below the standard I’d expect from the Centurion brand. This wasn’t a capacity issue.",18,PHX,2026-02,AmexPlatinum,https://www.reddit.com/r/AmexPlatinum/comments/1rg81my/experience_at_phx_centurion_lounge/,False
comment_0015855,AMEX,Amex,Food & Beverage,BEVERAGE_BAR,Beverage & bar,NEGATIVE,"I honestly thought we were in a waiting room for the regular lounge. And you had to pay for cocktails, even wine and beer.",19,,2026-02,AmexPlatinum,https://www.reddit.com/r/AmexPlatinum/comments/1r29rx9/jfk_centurion/,False
comment_0012498,CAPITAL_ONE,Capital One,Food & Beverage,FOOD_AVAILABILITY,Food availability,NEGATIVE,Not everyone wants to sit in the lounge and wait for food to be brought to them. I walked in and out of the LGA landing last week as the only thing they had to go was canned drinks and coffee.,7,LGA,2026-03,Venturex,https://www.reddit.com/r/Venturex/comments/1s2hma5/landing_over_the_lounges/,False
comment_0005107,CAPITAL_ONE,Capital One,Food & Beverage,FOOD_AVAILABILITY,Food availability,NEGATIVE,LGA is such a disappointment compared to other Capital One Lounges. ANd there is always a hot food kitchen problem.,11,LGA,2026-07,Venturex,https://www.reddit.com/r/Venturex/comments/1ulj730/lounge_and_landings_chocolate/,False
comment_0017920,CAPITAL_ONE,Capital One,Food & Beverage,BEVERAGE_BAR,Beverage & bar,NEGATIVE,"i have only been to the cap 1 lounge in texas and it is on par IMO for food and drinks if that is what youre asking. quality is about the same, both are like frozen food they microwaved to warm up or maybe slightly cooking something small.",15,,2026-01,Venturex,https://www.reddit.com/r/Venturex/comments/1qg7ab5/chase_sapphire_lounge_versus_cap_1_lounge/,False
comment_0014959,CHASE,Chase,Food & Beverage,FOOD_QUALITY,Food quality,NEGATIVE,"There’s always a wait. Thanks to them taking the food credit from the 3 in-airport restaurants, everyone is funneled to the sapphire lounge.",6,BOS,2026-02,ChaseSapphire,https://www.reddit.com/r/ChaseSapphire/comments/1resmcd/bos_sapphire_lounge_wont_check_me_in_because/,False
comment_0002272,CHASE,Chase,Food & Beverage,FOOD_AVAILABILITY,Food availability,NEGATIVE,"There was only one item on the made to food QR code (hamburger) and the buffet is pretty mediocre. The sitting area and bar are good though, but when you compare this to the Capital One lounge near the Main Terminal (currently closed for renovations), this is far worse. Seems like a bunch of ppl here disagree etc me.",8,IAD,2026-08,ChaseSapphire,https://www.reddit.com/r/ChaseSapphire/comments/1vfloo5/airport_lounge_iad/,True
comment_0000527,CHASE,Chase,Food & Beverage,FOOD_AVAILABILITY,Food availability,NEGATIVE,"Maybe I got the wrong stuff, but this was honestly a pretty mediocre Chase Lounge for me. They only had one made to order item on the menu - a burger, and the buffet was not good the day I went.",9,IAD,2026-08,ChaseSapphire,https://www.reddit.com/r/ChaseSapphire/comments/1vt3pf3/chaseetihad_lounge_at_dulles/,False
comment_0007370,CHASE,Chase,Food & Beverage,FOOD_QUALITY,Food quality,NEGATIVE,My wife got food poisoning from barely warm shakshuka in that very lounge last week. Our first and last experience eating prepared food in a Chase lounge.,10,LAS,2026-06,ChaseSapphire,https://www.reddit.com/r/ChaseSapphire/comments/1tvwx3c/las_vegas_lounge_system_issues/,False
comment_0010314,CHASE,Chase,Food & Beverage,FOOD_QUALITY,Food quality,NEGATIVE,"We waited for 45 mins before they called us in. The momofuku items are nothing to brag about, I had better food at sky club or C1. Champagne is great though!",15,LAS,2026-04,ChaseSapphire,https://www.reddit.com/r/ChaseSapphire/comments/1sq9vex/just_arrived_at_las_chase_sapphire_lounge_sunday/,False
comment_0009276,CHASE,Chase,Food & Beverage,BEVERAGE_BAR,Beverage & bar,NEGATIVE,"10 minutes later we were in. The food, service and drinks were far better than the Sapphire Preferred Lounge. Going forward, if there is a stupid wait for the Chase lounge, or we are delayed, I’m not going to bother with it.",17,,2026-05,chasesapphirereserve,https://www.reddit.com/r/ChaseSapphireReserve/comments/1t36248/whats_the_point_of_a_lounge_with_a_two_hour_wait/,False
comment_0007272,DELTA,Delta,Food & Beverage,FOOD_AVAILABILITY,Food availability,NEGATIVE,The pdx sky club is small and the food options are pretty limited. Lovely staff though.,10,PDX,2026-06,AmexPlatinum,https://www.reddit.com/r/AmexPlatinum/comments/1txtk3f/pdx_delta_sky_club_or_escape_lounge/,False
comment_0007265,DELTA,Delta,Food & Beverage,FOOD_AVAILABILITY,Food availability,NEGATIVE,"The Delta Sky Club at PDX is pretty small, dark, and has very limited food options. I haven't used it at all since the Escape Lounge opened.",12,PDX,2026-06,AmexPlatinum,https://www.reddit.com/r/AmexPlatinum/comments/1txtk3f/pdx_delta_sky_club_or_escape_lounge/,False
comment_0006397,AMEX,Amex,Food & Beverage,FOOD_QUALITY,Food quality,POSITIVE,the food at the centurion lounge at SFO is actually really amazing,2,SFO,2026-06,AmexPlatinum,https://www.reddit.com/r/AmexPlatinum/comments/1u7s5s4/genuinely_disappointed_by_the_lounges_this_far/,False
comment_0007044,AMEX,Amex,Food & Beverage,FOOD_QUALITY,Food quality,POSITIVE,CLT Centurion food is better than the crap in the Admirals Clubs.,3,CLT,2026-06,AmexPlatinum,https://www.reddit.com/r/AmexPlatinum/comments/1u1ev9a/has_the_lounge_food_always_been_this_disappointing/,False
comment_0019574,AMEX,Amex,Food & Beverage,FOOD_QUALITY,Food quality,POSITIVE,"I was there for breakfast but pleasantly surprised by the PHX lounge when I was there in late October. They had one of the best spreads I’ve seen at a US lounge in a while, including a ton of mashed avocado for an avocado toast bar.",5,PHX,2026-01,AmexPlatinum,https://www.reddit.com/r/AmexPlatinum/comments/1q0tzas/centurion_lounges_going_downhill/,False
comment_0007048,AMEX,Amex,Food & Beverage,FOOD_QUALITY,Food quality,POSITIVE,"Not to mention how much faster it is to do it that way. I've hit the lounge with only 20m to spare before my flight and was able to grab a quick plate of clean food to eat as soon as I got there, fill up my water bottle, hit the bathroom to clean up, and leave to make my flight. That's what a lounge should be for.",8,SFO,2026-06,AmexPlatinum,https://www.reddit.com/r/AmexPlatinum/comments/1u1ev9a/has_the_lounge_food_always_been_this_disappointing/,True
comment_0010158,AMEX,Amex,Food & Beverage,BEVERAGE_BAR,Beverage & bar,POSITIVE,Cap1 lounges are nice for this reason. Also the centurion in SLC has a juice bar that was pretty neat.,9,SLC,2026-04,AmexPlatinum,https://www.reddit.com/r/AmexPlatinum/comments/1stxcjx/what_i_dislike_most_about_centurion_lounges/,False
comment_0013700,AMEX,Amex,Food & Beverage,FOOD_QUALITY,Food quality,POSITIVE,"This lounge is elite. I simply ordered everything on the menu and it was exceptional! Was legit the best food I had in my 4 day trip to Vegas, especially with all the greasy and over the top food on the strip.",12,LAS,2026-03,AmexPlatinum,https://www.reddit.com/r/AmexPlatinum/comments/1rq75q1/side_car_las_vegas/,False
comment_0015162,AMEX,Amex,Food & Beverage,BEVERAGE_BAR,Beverage & bar,POSITIVE,"SEA has a fantastic centurion lounge. Great food and the cafe with bespoke coffee drinks is awesome. Only downside is that there is almost always a 15-30 minute wait to get inside, and then it’s only half full once you get in.",14,SEA,2026-02,AmexPlatinum,https://www.reddit.com/r/AmexPlatinum/comments/1rb8s5q/i_ranked_the_centurions/,False
comment_0006011,AMEX,Amex,Food & Beverage,FOOD_AVAILABILITY,Food availability,POSITIVE,There was a priority pass lounge as well but we didn’t go there after we read poor reviews. The lounge was nothing special but we had a long layover and there was food and drinks and clean bathrooms. For an 8 hour layover I think it’s worth it; you’ll probably end up spending $100 for food and drinks at the airport anyways.,18,LHR,2026-06,AmexPlatinum,https://www.reddit.com/r/AmexPlatinum/comments/1u9zo1m/lounge_access_at_lhr/,False
comment_0006379,CAPITAL_ONE,Capital One,Food & Beverage,FOOD_QUALITY,Food quality,POSITIVE,Food is better than Sapphire lounges - especially the Cap One landing at DCA!,4,DCA,2026-06,AmexPlatinum,https://www.reddit.com/r/AmexPlatinum/comments/1u7s5s4/genuinely_disappointed_by_the_lounges_this_far/,False
comment_0013458,CAPITAL_ONE,Capital One,Food & Beverage,FOOD_QUALITY,Food quality,POSITIVE,"Honestly though, recently I’ve just been picking capital one. The food I think is much better, I love the togo section and the bagel sandwiches they make you. Also I have never had trouble getting in there.",6,JFK,2026-03,CreditCards,https://www.reddit.com/r/CreditCards/comments/1rrbdb4/is_there_any_lounge_ecosystem_with_no/,False
comment_0007259,CAPITAL_ONE,Capital One,Food & Beverage,BEVERAGE_BAR,Beverage & bar,POSITIVE,one of the best food & drink options of any domestic lounge,7,DCA,2026-06,Venturex,https://www.reddit.com/r/Venturex/comments/1txx2av/dc_area_folks_is_the_food_better_at_dca_landing/,False
comment_0015796,CAPITAL_ONE,Capital One,Food & Beverage,BEVERAGE_BAR,Beverage & bar,POSITIVE,We live in DC and we make many efforts to ALWAYS fly out of DCA because CO Landing is amazing and that steak is fire. My husband worked as a bartender and he said he had the best negroni of his life in this lounge haha,12,DCA,2026-02,Venturex,https://www.reddit.com/r/Venturex/comments/1r2w7ij/connecting_flight_landed_early_at_dca_and_no/,False
comment_0017918,CAPITAL_ONE,Capital One,Food & Beverage,FOOD_AVAILABILITY,Food availability,POSITIVE,"Chase: better food (more selection, bigger portions and tastiest overall). Last time I was in JFK I went to Chase lounge for the food, stayed there until closing (11pm, my flight was at 12am) and then went to the C1 lounge to sit and take a few snacks and bagels for the flight.",13,JFK,2026-01,Venturex,https://www.reddit.com/r/Venturex/comments/1qg7ab5/chase_sapphire_lounge_versus_cap_1_lounge/,True
comment_0001716,CAPITAL_ONE,Capital One,Food & Beverage,BEVERAGE_BAR,Beverage & bar,POSITIVE,I haven’t been to the Landing at LGA but have been to the one at DCA. The food and drinks at the Landings are amazing. From the pics and reviews I’ve seen the LGA space looks great.,14,DCA,2026-08,Venturex,https://www.reddit.com/r/Venturex/comments/1vl7io6/itll_be_my_first_time_at_a_lounge_my_next_trip/,False
comment_0006994,CAPITAL_ONE,Capital One,Food & Beverage,FOOD_AVAILABILITY,Food availability,POSITIVE,"Come on an empty stomach! Also fyi there is a cheese bar in the back Some pics in [this post here (although don't want to spoil it, it's a great spot) ](https://exitrowplease.com/2026/06/14/capital-one-lounge-jfk-terminal-4-review-best-lounge-at-jfk/#how-to-access-this-lounge)",16,JFK,2026-06,Venturex,https://www.reddit.com/r/Venturex/comments/1u0ssau/will_be_my_first_time_going_to_a_lounge/,False
comment_0012912,CHASE,Chase,Food & Beverage,BEVERAGE_BAR,Beverage & bar,POSITIVE,"Bonus points for the Chase Lounge in Hong Kong which has nice food, a cocktail bar",2,Hong Kong,2026-03,PriorityPass,https://www.reddit.com/r/PriorityPass/comments/1rx1oat/what_lounge_has_the_best_food/,False
comment_0002651,CHASE,Chase,Food & Beverage,FOOD_QUALITY,Food quality,POSITIVE,"I was at the PHL lounge last week and it was great. Food was delicious (buffet and made to order dishes), cocktails and mocktails were refreshing and well formulated, beer garden with various selections, and games like arcade tables. Very friendly staff.",5,DFW,2026-07,ChaseSapphire,https://www.reddit.com/r/ChaseSapphire/comments/1vbsbun/chase_is_removing_sapphire_lounges_from_priority/,False
comment_0014760,CHASE,Chase,Food & Beverage,BEVERAGE_BAR,Beverage & bar,POSITIVE,"Had a wonderful time at PHX CS Lounge this month: - we made a reservation in advance, zero wait - immediate table service upon sitting and checked in after 15 minutes as well - “King”, the bartender made custom cocktails for me and was an awesome gentleman - staff bought treats for the kids It’s likely those “open tables” we reserved.",7,PHX,2026-02,ChaseSapphire,https://www.reddit.com/r/ChaseSapphire/comments/1rggptv/phx_chase_sapphire_lounge_is_terrible/,False
comment_0007048,CHASE,Chase,Food & Beverage,FOOD_QUALITY,Food quality,POSITIVE,"Not to mention how much faster it is to do it that way. I've hit the lounge with only 20m to spare before my flight and was able to grab a quick plate of clean food to eat as soon as I got there, fill up my water bottle, hit the bathroom to clean up, and leave to make my flight. That's what a lounge should be for.",8,SAN,2026-06,AmexPlatinum,https://www.reddit.com/r/AmexPlatinum/comments/1u1ev9a/has_the_lounge_food_always_been_this_disappointing/,True
comment_0003917,CHASE,Chase,Food & Beverage,FOOD_QUALITY,Food quality,POSITIVE,some of the best food I’ve ever had in a lounge,9,HKG,2026-07,PriorityPass,https://www.reddit.com/r/PriorityPass/comments/1v12w9e/what_is_your_favorite_priority_pass_lounge_and/,False
comment_0017918,CHASE,Chase,Food & Beverage,FOOD_QUALITY,Food quality,POSITIVE,"Chase: better food (more selection, bigger portions and tastiest overall). Last time I was in JFK I went to Chase lounge for the food, stayed there until closing (11pm, my flight was at 12am) and then went to the C1 lounge to sit and take a few snacks and bagels for the flight.",9,JFK,2026-01,Venturex,https://www.reddit.com/r/Venturex/comments/1qg7ab5/chase_sapphire_lounge_versus_cap_1_lounge/,True
comment_0001459,CHASE,Chase,Food & Beverage,FOOD_QUALITY,Food quality,POSITIVE,"Chase Sapphire lounge @LGA is the best. Good foods, nice cocktails, great customer service. Foods from buffet and À La Carte QR Menu are all good.** **I always wanted to go back.",11,LGA,2026-08,ChaseSapphire,https://www.reddit.com/r/ChaseSapphire/comments/1vnqx6e/review_chase_sapphire_lounge_at_lga/,False
comment_0002272,CHASE,Chase,Food & Beverage,BEVERAGE_BAR,Beverage & bar,POSITIVE,"There was only one item on the made to food QR code (hamburger) and the buffet is pretty mediocre. The sitting area and bar are good though, but when you compare this to the Capital One lounge near the Main Terminal (currently closed for renovations), this is far worse. Seems like a bunch of ppl here disagree etc me.",15,IAD,2026-08,ChaseSapphire,https://www.reddit.com/r/ChaseSapphire/comments/1vfloo5/airport_lounge_iad/,True
comment_0010969,CHASE,Chase,Food & Beverage,FOOD_AVAILABILITY,Food availability,POSITIVE,This is one of my favorite Chase perks. Free food and water before concerts and a bar w no line,17,,2026-04,ChaseSapphire,https://www.reddit.com/r/ChaseSapphire/comments/1skfx00/chase_lounge_at_madison_square_garden/,False
comment_0018908,DELTA,Delta,Food & Beverage,FOOD_QUALITY,Food quality,POSITIVE,The Delta lounge there has better tasting food.,3,SLC,2026-01,amex,https://www.reddit.com/r/amex/comments/1q70r9b/slc_centurion_lounge_is_on_another_level/,True
comment_0016927,DELTA,Delta,Food & Beverage,BEVERAGE_BAR,Beverage & bar,POSITIVE,"--- The delta one lounge at lax is AMAZING. Restaurant food served to you, premium drinks, and even an ultra premium wine list you can purchase or use miles for if you want something really nice.",5,LAX,2026-01,AmexPlatinum,https://www.reddit.com/r/AmexPlatinum/comments/1qr1c5v/centurion_vs_delta_one/,False
comment_0006424,DELTA,Delta,Food & Beverage,BEVERAGE_BAR,Beverage & bar,POSITIVE,"We arrived early so that helped, by the time we left for JFK it was very full. But still, food, beverage and seating selections were good. What a contrast to JFK: at 4pm the same day so many people were milling around outside both the Centurion and Etihad lounges, we practically had to step over people to get to the Delta One lounge (where there was no waiting).",6,SLC,2026-06,AmexPlatinum,https://www.reddit.com/r/AmexPlatinum/comments/1u7s5s4/genuinely_disappointed_by_the_lounges_this_far/,True
comment_0014894,DELTA,Delta,Food & Beverage,FOOD_QUALITY,Food quality,POSITIVE,Fly Delta and get SkyClub access. Breakfast tacos were good last time I was there.,8,LAX,2026-02,amex,https://www.reddit.com/r/amex/comments/1reohv0/lax_lounges_suck/,False
comment_0001424,DELTA,Delta,Food & Beverage,FOOD_QUALITY,Food quality,POSITIVE,"Favorite is MEX T2 location followed by DEN when not busy and crowded (rare) Edit: I'll add that my absolute best non-Centurion lounge experience was the Delta One lounge in LAX. The absolute best food, space and services followed by the CapOne lounge in LAS.",9,LAX,2026-08,AmexPlatinum,https://www.reddit.com/r/AmexPlatinum/comments/1vn05yd/best_centurion_lounge/,False
comment_0008292,DELTA,Delta,Food & Beverage,FOOD_AVAILABILITY,Food availability,POSITIVE,"Delta Sky Club in T5 is probably your best bet; I was there 2 weeks ago and it was pretty quick to get in even with a small line. Food and drink selection was fine, and the lounge was clean with plenty of seating.",10,,2026-05,AmexPlatinum,https://www.reddit.com/r/AmexPlatinum/comments/1tjkjjh/best_amex_access_lounge_at_chicago_ohare_airport/,False
comment_0007032,DELTA,Delta,Food & Beverage,BEVERAGE_BAR,Beverage & bar,POSITIVE,It’s not great. We always hit the delta lounge instead bc the food is better and they’re not anal about drinks. Every so often we’re without a delta lounge and I’m reminded how much it sucks.,11,,2026-06,AmexPlatinum,https://www.reddit.com/r/AmexPlatinum/comments/1u1ev9a/has_the_lounge_food_always_been_this_disappointing/,False
comment_0004875,DELTA,Delta,Food & Beverage,FOOD_AVAILABILITY,Food availability,POSITIVE,The only time I've tipped at a lounge was at the Delta One lounge. As it's more like a nice restaurant with waitstaff that are constantly checking on you to bring you free food & drinks.,12,,2026-07,AmexPlatinum,https://www.reddit.com/r/AmexPlatinum/comments/1uop1i5/are_we_supposed_to_tip_at_lounges/,False
comment_0004955,AMEX,Amex,General Lounge Experience,OVERALL_EXPERIENCE,Overall lounge experience,MIXED_NEUTRAL,The JFK centurion actually used to be fantastic. Its really gone downhill over the last few years,1,JFK,2026-07,AmexPlatinum,https://www.reddit.com/r/AmexPlatinum/comments/1up2dkd/is_lounge_quality_going_down_or_is_it_the/,False
comment_0006839,AMEX,Amex,General Lounge Experience,OVERALL_EXPERIENCE,Overall lounge experience,MIXED_NEUTRAL,"The Centurion lounges used to be nice, but now they are way oversold",2,CLT,2026-06,AmexPlatinum,https://www.reddit.com/r/AmexPlatinum/comments/1u38idt/centurion_lounge_crowding/,False
comment_0014872,AMEX,Amex,General Lounge Experience,OVERALL_EXPERIENCE,Overall lounge experience,MIXED_NEUTRAL,"ATL priority pass lounge is probably one of the worst in the country. Centurion is fine, but it doesn’t seem like they’re trying particularly hard to compete with all the sky clubs there.",8,ATL,2026-02,AmexPlatinum,https://www.reddit.com/r/AmexPlatinum/comments/1rfpksb/centurion_lounges_arent_anything_special_atl/,True
comment_0009494,CAPITAL_ONE,Capital One,General Lounge Experience,OVERALL_EXPERIENCE,Overall lounge experience,MIXED_NEUTRAL,Yeah it’s nice but it’s not even better the Chase lounge a few hundred yards away.,1,LGA,2026-05,AmexPlatinum,https://www.reddit.com/r/AmexPlatinum/comments/1t0vwly/has_anyone_been_to_the_new_capital_one_landing/,False
comment_0012505,CAPITAL_ONE,Capital One,General Lounge Experience,OVERALL_EXPERIENCE,Overall lounge experience,MIXED_NEUTRAL,Prefer the IAD Lounge vs the DCA Landing. But love both!,2,DCA,2026-03,Venturex,https://www.reddit.com/r/Venturex/comments/1s2hma5/landing_over_the_lounges/,False
comment_0001813,CAPITAL_ONE,Capital One,General Lounge Experience,OVERALL_EXPERIENCE,Overall lounge experience,MIXED_NEUTRAL,C1 is nice for a credit card lounge but trash when you put them next to Cathay/Qantas/JAL/Finnair first lounges.,3,,2026-08,CreditCards,https://www.reddit.com/r/CreditCards/comments/1vk8wbe/capital_one_lounges_are_the_best_of_them_all/,False
comment_0011513,CAPITAL_ONE,Capital One,General Lounge Experience,OVERALL_EXPERIENCE,Overall lounge experience,MIXED_NEUTRAL,The capital one lounge? I don’t think they are bad - but they don’t have enough. There’s always a line and idiots don’t know how to form a proper line behind the sign.,8,,2026-04,Venturex,https://www.reddit.com/r/Venturex/comments/1sf3p0j/dfw_lounge_toilets/,False
comment_0007375,CHASE,Chase,General Lounge Experience,OVERALL_EXPERIENCE,Overall lounge experience,MIXED_NEUTRAL,It's a good thing that I have Chase and AMEX. I'm going to get flack but I think AMEX Sidecar is the best lounge in LAS. It's a small window as you can only try to get in at 90 minutes of your departure time.,5,LAS,2026-06,ChaseSapphire,https://www.reddit.com/r/ChaseSapphire/comments/1tvwx3c/las_vegas_lounge_system_issues/,True
comment_0014880,DELTA,Delta,General Lounge Experience,OVERALL_EXPERIENCE,Overall lounge experience,MIXED_NEUTRAL,"Still not as good as a Polaris lounge or some world lounges, but sure are nice and not crowded either.",3,,2026-02,AmexPlatinum,https://www.reddit.com/r/AmexPlatinum/comments/1rfpksb/centurion_lounges_arent_anything_special_atl/,False
comment_0004630,DELTA,Delta,General Lounge Experience,OVERALL_EXPERIENCE,Overall lounge experience,MIXED_NEUTRAL,"Personally one of my least favorite (and its my home club), but can still be fun. Best advantage over the skyclub is the food can be a bit more imaginitive and their free alcohol is a step up from Delta. I can get Belvenie 12 there for free.",5,,2026-07,AmexPlatinum,https://www.reddit.com/r/AmexPlatinum/comments/1urkwj3/phoenix_lounge_question/,False
comment_0005892,DELTA,Delta,General Lounge Experience,OVERALL_EXPERIENCE,Overall lounge experience,MIXED_NEUTRAL,Cap1 has a very nice lounge in DFW. Over than that delta lunges are not bad although it's a step down from Amex ones though imho.,6,,2026-06,AmexPlatinum,https://www.reddit.com/r/AmexPlatinum/comments/1ub6xwq/can_anyone_recommend_a_new_card_with_lounge_access/,False
comment_0016899,AMEX,Amex,General Lounge Experience,OVERALL_EXPERIENCE,Overall lounge experience,NEGATIVE,In LAX there’s really no getting around that the Centurian lounge is bad.,3,LAX,2026-01,amex,https://www.reddit.com/r/amex/comments/1qr18w2/centurion_vs_delta_one/,False
comment_0011771,AMEX,Amex,General Lounge Experience,OVERALL_EXPERIENCE,Overall lounge experience,NEGATIVE,The Centurion lounge used to be a break from the chaos of waiting at the gate but they don't feel like that anymore.,4,LAX,2026-04,AmexPlatinum,https://www.reddit.com/r/AmexPlatinum/comments/1sco9fn/recent_travels_found_amex_lounges_still_packed/,False
comment_0017915,CAPITAL_ONE,Capital One,General Lounge Experience,OVERALL_EXPERIENCE,Overall lounge experience,NEGATIVE,the DFW lounge was very disappointing.,4,DFW,2026-01,Venturex,https://www.reddit.com/r/Venturex/comments/1qg7ab5/chase_sapphire_lounge_versus_cap_1_lounge/,False
comment_0009385,CAPITAL_ONE,Capital One,General Lounge Experience,OVERALL_EXPERIENCE,Overall lounge experience,NEGATIVE,We arrived at Capital One Lounge in Laguardia Airport w/wheelchair assistance and were turned away since it was 12 pm and more than 3 hours from our 4 pm departure time. I asked for the manager and explained it would be difficult to go & come back since we needed wheel chair assistance.,5,LGA,2026-05,Venturex,https://www.reddit.com/r/Venturex/comments/1t31a4v/lga_capital1_landing_lounge/,False
comment_0002101,CAPITAL_ONE,Capital One,General Lounge Experience,OVERALL_EXPERIENCE,Overall lounge experience,NEGATIVE,The club at CLT is okay if you want a coffee / some drinks before your flight. The food is meh but the lounge is clean. When the C1 lounge opens I won’t be going back.,6,CLT,2026-08,Venturex,https://www.reddit.com/r/Venturex/comments/1vhkp5h/lounge_access/,False
comment_0015999,CHASE,Chase,General Lounge Experience,OVERALL_EXPERIENCE,Overall lounge experience,NEGATIVE,I was personally a little underwhelmed with the Sapphire lounge last month.,1,PHX,2026-02,AmexPlatinum,https://www.reddit.com/r/AmexPlatinum/comments/1qzdwwj/phx_terminal_4_lounge_centurion_vs_sapphire_lounge/,True
comment_0014747,CHASE,Chase,General Lounge Experience,OVERALL_EXPERIENCE,Overall lounge experience,NEGATIVE,Amex does the same at a number of their lounges (namely HND) and I've never found it to be a problem. It definitely helps when lounges are packed so you're not arguing with some guy to move his bag off the only spare chair in the lounge. That said the PHX Sapphire lounge is definitely not the best in the network.,6,PHX,2026-02,ChaseSapphire,https://www.reddit.com/r/ChaseSapphire/comments/1rggptv/phx_chase_sapphire_lounge_is_terrible/,True
comment_0002272,CHASE,Chase,General Lounge Experience,OVERALL_EXPERIENCE,Overall lounge experience,NEGATIVE,"There was only one item on the made to food QR code (hamburger) and the buffet is pretty mediocre. The sitting area and bar are good though, but when you compare this to the Capital One lounge near the Main Terminal (currently closed for renovations), this is far worse. Seems like a bunch of ppl here disagree etc me.",7,IAD,2026-08,ChaseSapphire,https://www.reddit.com/r/ChaseSapphire/comments/1vfloo5/airport_lounge_iad/,True
comment_0000527,CHASE,Chase,General Lounge Experience,OVERALL_EXPERIENCE,Overall lounge experience,NEGATIVE,"Maybe I got the wrong stuff, but this was honestly a pretty mediocre Chase Lounge for me. They only had one made to order item on the menu - a burger, and the buffet was not good the day I went.",9,IAD,2026-08,ChaseSapphire,https://www.reddit.com/r/ChaseSapphire/comments/1vt3pf3/chaseetihad_lounge_at_dulles/,False
comment_0012716,DELTA,Delta,General Lounge Experience,OVERALL_EXPERIENCE,Overall lounge experience,NEGATIVE,MSP! It would be great to have a quality lounge that isn’t Delta. We do have a priority pass lounge but it is often quite crowded.,8,MSP,2026-03,ChaseSapphire,https://www.reddit.com/r/ChaseSapphire/comments/1rzso0g/what_lounges_do_you_want_to_see_chase_open_soon/,False
comment_0004951,AMEX,Amex,General Lounge Experience,OVERALL_EXPERIENCE,Overall lounge experience,POSITIVE,The LGA centurion lounge I visited yesterday was much nicer in comparison.,5,LGA,2026-07,AmexPlatinum,https://www.reddit.com/r/AmexPlatinum/comments/1up2dkd/is_lounge_quality_going_down_or_is_it_the/,False
comment_0004626,AMEX,Amex,General Lounge Experience,OVERALL_EXPERIENCE,Overall lounge experience,POSITIVE,"There is an Escape Lounge that shares the same entrance, stairs, and kitchen. Hard product isn’t as good but, if you need a lounge it works fine. I find either preferable to wading through the chaos that is PHX terminal 4.",8,PHX,2026-07,AmexPlatinum,https://www.reddit.com/r/AmexPlatinum/comments/1urkwj3/phoenix_lounge_question/,False
comment_0001717,CAPITAL_ONE,Capital One,General Lounge Experience,OVERALL_EXPERIENCE,Overall lounge experience,POSITIVE,LGA cap one landing lounge is one of the highest quality lounges I’ve been to,1,LGA,2026-08,Venturex,https://www.reddit.com/r/Venturex/comments/1vl7io6/itll_be_my_first_time_at_a_lounge_my_next_trip/,False
comment_0002272,CAPITAL_ONE,Capital One,General Lounge Experience,OVERALL_EXPERIENCE,Overall lounge experience,POSITIVE,"There was only one item on the made to food QR code (hamburger) and the buffet is pretty mediocre. The sitting area and bar are good though, but when you compare this to the Capital One lounge near the Main Terminal (currently closed for renovations), this is far worse. Seems like a bunch of ppl here disagree etc me.",8,IAD,2026-08,ChaseSapphire,https://www.reddit.com/r/ChaseSapphire/comments/1vfloo5/airport_lounge_iad/,True
comment_0002622,CHASE,Chase,General Lounge Experience,OVERALL_EXPERIENCE,Overall lounge experience,POSITIVE,San Diego Chase Sapphire Lounge is probably the best airport lounge I have been to in the US,1,SAN,2026-07,ChaseSapphire,https://www.reddit.com/r/ChaseSapphire/comments/1vbsbun/chase_is_removing_sapphire_lounges_from_priority/,False
comment_0012994,CHASE,Chase,General Lounge Experience,OVERALL_EXPERIENCE,Overall lounge experience,POSITIVE,the Sapphire Lounge there is IMHO one of the best airport lounges in the country for domestic flyers.,2,PHX,2026-03,ChaseSapphire,https://www.reddit.com/r/ChaseSapphire/comments/1rxj8qh/csr_vs_amex_plat_am_i_missing_something/,False
comment_0001395,CHASE,Chase,General Lounge Experience,OVERALL_EXPERIENCE,Overall lounge experience,POSITIVE,"The speakeasy is just a dumb gimmick to distract you from all of the above. I only use that lounge as a waiting room for the Sapphire Lounge next door, tbqh I think it's the worst non-Priority Pass lounge in T4. Even the B Skyclub is better.",7,JFK,2026-08,AmexPlatinum,https://www.reddit.com/r/AmexPlatinum/comments/1vn05yd/best_centurion_lounge/,False
comment_0009384,DELTA,Delta,General Lounge Experience,OVERALL_EXPERIENCE,Overall lounge experience,POSITIVE,"With the possible exception of the Delta One lounge at JFK, it is the best lounge I’ve ever been in.",1,JFK,2026-05,Venturex,https://www.reddit.com/r/Venturex/comments/1t31a4v/lga_capital1_landing_lounge/,False
comment_0016899,DELTA,Delta,General Lounge Experience,OVERALL_EXPERIENCE,Overall lounge experience,POSITIVE,"As long as you’re ticketed in D1, you have all day access to the D1 lounge. (But look below because I don’t think you have Delta One Lounge access, only the Sky Club) In LAX there’s really no getting around that the Centurian lounge is bad. The D1 lounge is great though.",6,LAX,2026-01,amex,https://www.reddit.com/r/amex/comments/1qr18w2/centurion_vs_delta_one/,False
comment_0010171,DELTA,Delta,General Lounge Experience,OVERALL_EXPERIENCE,Overall lounge experience,POSITIVE,"I live in LA and I quite like LAX, but that’s because I fly Delta and use the SkyClub (or Delta One lounge once which was amazing). The Centurion is probably the worst I’ve ever been to and I wouldn’t walk to or from it for Terminals 1, 6, or 7. For the rest, I’d do everything in my power to get access to a different lounge first.",7,LAX,2026-04,AmexPlatinum,https://www.reddit.com/r/AmexPlatinum/comments/1sspldq/can_we_all_just_agree_that_the_lax_lounge_is_the/,True
comment_0014901,DELTA,Delta,General Lounge Experience,OVERALL_EXPERIENCE,Overall lounge experience,POSITIVE,delta skyclub i’ve found to be the only worthwhile one in LAX. the centurion lounge is one of the worst i’ve been to which sucks cause LAX is my main airport,9,LAX,2026-02,amex,https://www.reddit.com/r/amex/comments/1reohv0/lax_lounges_suck/,False
comment_0014877,AMEX,Amex,Service & Upkeep,STAFF_SERVICE,Staff & service,MIXED_NEUTRAL,"Food was awful. Bartenders were nice enough but nothing special. Tiny, Tiny, lounge.",6,PHL,2026-02,AmexPlatinum,https://www.reddit.com/r/AmexPlatinum/comments/1rfpksb/centurion_lounges_arent_anything_special_atl/,False
comment_0016689,CAPITAL_ONE,Capital One,Service & Upkeep,STAFF_SERVICE,Staff & service,MIXED_NEUTRAL,"The $300 drops off if you make $300 in travel purchases through their portal which we do so it is only a $95 card for us but it sure was a drop. The front desk and downstairs check in personnel seem to have changed and are all super grumpy now but the staff working the floor are still awesome. If food quality tanks, we will bail and spend our money maybe at Delta or American.",5,DFW,2026-02,CreditCards,https://www.reddit.com/r/CreditCards/comments/1qtcpj0/capital_one_negative_changes_to_lounge_access_for/,False
comment_0002334,CHASE,Chase,Service & Upkeep,STAFF_SERVICE,Staff & service,MIXED_NEUTRAL,"The worst I've been: Haneda Power Lounge -- only coffe and soft drinks and your Capital One friends can't enter with you The better ones: Bangkok lounges with free massages; Chase Sapphire lounge with table service (unfortunately getting removed); Delta lounge at some locations like SLC The best lounges, however, are still the ones that come with Business and above tickets.",6,,2026-08,AmexPlatinum,https://www.reddit.com/r/AmexPlatinum/comments/1ve5eks/why_some_travelers_say_airport_lounges_just_arent/,False
comment_0012680,AMEX,Amex,Service & Upkeep,STAFF_SERVICE,Staff & service,NEGATIVE,MIA has been the most terrible service staff out of the 15+ Centurion Lounges I've been to.,1,MIA,2026-03,AmexPlatinum,https://www.reddit.com/r/AmexPlatinum/comments/1rzz5of/mia_centurion_lounge/,False
comment_0011264,AMEX,Amex,Service & Upkeep,STAFF_SERVICE,Staff & service,NEGATIVE,"The centurion at LGA is similar to the one in DCA or a dozen other US locations. They just offer consistency, but it pales in comparison as far as offerings, service, and experience. They have way less staff than CSR.",10,LGA,2026-04,AmexPlatinum,https://www.reddit.com/r/AmexPlatinum/comments/1shjdyc/centurion_vs_csr_on_pp_at_lga/,False
comment_0015219,AMEX,Amex,Service & Upkeep,STAFF_SERVICE,Staff & service,NEGATIVE,"Wow, I didn’t realize Houston’s lounge was universally disliked, I always thought it was just mid. I’ve never had to wait there, it’s always clean, and its staff are extremely attentive.",13,DFW,2026-02,AmexPlatinum,https://www.reddit.com/r/AmexPlatinum/comments/1rb8s5q/i_ranked_the_centurions/,False
comment_0010246,CAPITAL_ONE,Capital One,Service & Upkeep,CLEANLINESS,Cleanliness,NEGATIVE,"Tried the Swissport lounge 3 times with the Venture X, been turned away all 3 times. It looks like the worst of the worst in terms of quality and cleanliness.",8,,2026-04,Venturex,https://www.reddit.com/r/Venturex/comments/1sqauqt/ohare_lounges/,False
comment_0005012,CHASE,Chase,Service & Upkeep,STAFF_SERVICE,Staff & service,NEGATIVE,"I’ve been to the PHL Chase Sapphire lounge at least 6-7 times, and I’ve never seen it filthy or dirty. Food is hit or miss, as are the drinks, but that’s understandable.",5,PHL,2026-07,ChaseSapphire,https://www.reddit.com/r/ChaseSapphire/comments/1uobyq8/philadelphia_chase_sapphire_lounge/,False
comment_0007371,CHASE,Chase,Service & Upkeep,STAFF_SERVICE,Staff & service,NEGATIVE,"My first experience with a Chase lounge was at LAS a few months back. Needless to say, I'd rather sit at a terminal than deal with the attitudes from the employees in there.",7,LAS,2026-06,ChaseSapphire,https://www.reddit.com/r/ChaseSapphire/comments/1tvwx3c/las_vegas_lounge_system_issues/,False
comment_0007048,AMEX,Amex,Service & Upkeep,STAFF_SERVICE,Staff & service,POSITIVE,I also love the staff at my home SFO lounge. They are the sweetest people.,2,SFO,2026-06,AmexPlatinum,https://www.reddit.com/r/AmexPlatinum/comments/1u1ev9a/has_the_lounge_food_always_been_this_disappointing/,True
comment_0013700,AMEX,Amex,Service & Upkeep,STAFF_SERVICE,Staff & service,POSITIVE,protip: sidecar opens for everyone within 90 min of closing (currently 10pm); you no longer have to abide by the 90min before departure rule. It was nice to see our fellow amex travelers handing out hefty cash tips to the staff because they deserve it!,7,LAS,2026-03,AmexPlatinum,https://www.reddit.com/r/AmexPlatinum/comments/1rq75q1/side_car_las_vegas/,False
comment_0009490,CAPITAL_ONE,Capital One,Service & Upkeep,STAFF_SERVICE,Staff & service,POSITIVE,"LGA was very impressive, reminded me of a swanky modern Spanish hotel. The table service for food and beverage was top notch. Can’t opine on any Sapphire lounges but C1 is a step up from the current Centurion footprint.",9,LGA,2026-05,AmexPlatinum,https://www.reddit.com/r/AmexPlatinum/comments/1t0vwly/has_anyone_been_to_the_new_capital_one_landing/,False
comment_0011269,CHASE,Chase,Service & Upkeep,CLEANLINESS,Cleanliness,POSITIVE,the lounge area was really nice and clean.,5,SAN,2026-04,AmexPlatinum,https://www.reddit.com/r/AmexPlatinum/comments/1shjdyc/centurion_vs_csr_on_pp_at_lga/,False
comment_0014760,CHASE,Chase,Service & Upkeep,STAFF_SERVICE,Staff & service,POSITIVE,"Had a wonderful time at PHX CS Lounge this month: - we made a reservation in advance, zero wait - immediate table service upon sitting and checked in after 15 minutes as well - “King”, the bartender made custom cocktails for me and was an awesome gentleman - staff bought treats for the kids It’s likely those “open tables” we reserved.",5,PHX,2026-02,ChaseSapphire,https://www.reddit.com/r/ChaseSapphire/comments/1rggptv/phx_chase_sapphire_lounge_is_terrible/,False
comment_0014318,CHASE,Chase,Service & Upkeep,STAFF_SERVICE,Staff & service,POSITIVE,"As an OG CSR holder living abroad the last few years (going to cancel/downgrade), I finally had the chance to visit a Chase Lounge at BOS. It was pretty early in the morning, guests seemed nice, service was excellent- beyond what I had expected. But I can only imagine the entitlement rage that comes from waiting in line later in the day, full lounge, backed up kitchen, etc.",7,BOS,2026-03,ChaseSapphire,https://www.reddit.com/r/ChaseSapphire/comments/1rl1g81/chase_sapphire_lounge_attitude/,False
comment_0014872,DELTA,Delta,Service & Upkeep,STAFF_SERVICE,Staff & service,POSITIVE,ATL terminal B sky club with bartender Yvonne is ATL’s crown jewel,2,ATL,2026-02,AmexPlatinum,https://www.reddit.com/r/AmexPlatinum/comments/1rfpksb/centurion_lounges_arent_anything_special_atl/,True
comment_0001424,DELTA,Delta,Service & Upkeep,STAFF_SERVICE,Staff & service,POSITIVE,"Favorite is MEX T2 location followed by DEN when not busy and crowded (rare) Edit: I'll add that my absolute best non-Centurion lounge experience was the Delta One lounge in LAX. The absolute best food, space and services followed by the CapOne lounge in LAS.",7,LAX,2026-08,AmexPlatinum,https://www.reddit.com/r/AmexPlatinum/comments/1vn05yd/best_centurion_lounge/,False
comment_0011519,CAPITAL_ONE,Capital One,"Space, Amenities & Convenience",AMENITIES,Amenities,MIXED_NEUTRAL,I love the toilets at the DCA landing. No showers of course but they are spacious and really nice.,1,DCA,2026-04,Venturex,https://www.reddit.com/r/Venturex/comments/1sf3p0j/dfw_lounge_toilets/,False
comment_0014750,CHASE,Chase,"Space, Amenities & Convenience",AMBIENCE_DESIGN,Ambience & design,MIXED_NEUTRAL,The cocktail menu is pretty good and I love the veg noodles in peanut sauce dish. PHX may be huge to walk around but they didn’t plan a lot of space for lounges unfortunately. The Chase lounge in D is a really long ass walk to B so you got to plan ahead for international flights.,5,PHX,2026-02,ChaseSapphire,https://www.reddit.com/r/ChaseSapphire/comments/1rggptv/phx_chase_sapphire_lounge_is_terrible/,False
comment_0016899,DELTA,Delta,"Space, Amenities & Convenience",LOCATION_CONVENIENCE,Location convenience,MIXED_NEUTRAL,You’ll have to walk 15-20 minutes from the international terminal to Terminal 3 where the D1 lounge is but it’s well worth it.,1,LAX,2026-01,amex,https://www.reddit.com/r/amex/comments/1qr18w2/centurion_vs_delta_one/,False
comment_0019205,AMEX,Amex,"Space, Amenities & Convenience",OPERATING_HOURS,Operating hours,NEGATIVE,The amount of gross behavior I see at Centurion lounge buffets makes never want to try them. I won't eat at any of them unless I'm coming in right after they've opened in the morning. Small plates might make it a little more palatable.,9,,2026-01,amex,https://www.reddit.com/r/amex/comments/1q5waya/easy_centurion_lounge_improvement/,False
comment_0011802,AMEX,Amex,"Space, Amenities & Convenience",FAMILY_CHILDREN,Family & children,NEGATIVE,"I have lounge+ membership and a Platinum card, husband has an additional card. We went into the Admiral’s Lounge first since it was right next to our gate and it was your typical cattle call and pretty busy. The food was ok and no real line for it.",10,DFW,2026-04,AmexPlatinum,https://www.reddit.com/r/AmexPlatinum/comments/1sco9fn/recent_travels_found_amex_lounges_still_packed/,False
comment_0001538,AMEX,Amex,"Space, Amenities & Convenience",VALUE_FOR_MONEY,Value for money,NEGATIVE,"Plus they’re so crowded I often found it was more comfortable to buy a sandwich and eat it in peace at an empty gate area in the terminal. Low key, I think the people that get the best value out of an airline lounge are heavy drinkers.",14,,2026-08,CreditCards,https://www.reddit.com/r/CreditCards/comments/1vmk7nz/the_hard_truth_amex_runs_on_perceived_luxury/,False
comment_0010171,AMEX,Amex,"Space, Amenities & Convenience",LOCATION_CONVENIENCE,Location convenience,NEGATIVE,"I live in LA and I quite like LAX, but that’s because I fly Delta and use the SkyClub (or Delta One lounge once which was amazing). The Centurion is probably the worst I’ve ever been to and I wouldn’t walk to or from it for Terminals 1, 6, or 7. For the rest, I’d do everything in my power to get access to a different lounge first.",17,LAX,2026-04,AmexPlatinum,https://www.reddit.com/r/AmexPlatinum/comments/1sspldq/can_we_all_just_agree_that_the_lax_lounge_is_the/,True
comment_0004626,AMEX,Amex,"Space, Amenities & Convenience",AMENITIES,Amenities,NEGATIVE,I fly through PHX regularly. The Centurion Lounge is maybe the smallest and has the fewest amenities of any of the CLs I’ve been to. Expect to be waitlisted unless you’re arriving 7PM or later.,20,PHX,2026-07,AmexPlatinum,https://www.reddit.com/r/AmexPlatinum/comments/1urkwj3/phoenix_lounge_question/,False
comment_0002360,AMEX,Amex,"Space, Amenities & Convenience",FAMILY_CHILDREN,Family & children,NEGATIVE,"Meh; I don’t really use Amex lounges cuz yeah they suck, especially if I need to get work done. Don’t wanna deal with screaming kids and families on vacation. The real perk is in the Delta lounge access (all my work travel is Delta/SkyTeam).",27,,2026-08,AmexPlatinum,https://www.reddit.com/r/AmexPlatinum/comments/1ve5eks/why_some_travelers_say_airport_lounges_just_arent/,False
comment_0014980,CAPITAL_ONE,Capital One,"Space, Amenities & Convenience",AMENITIES,Amenities,NEGATIVE,"the showers at the Capital One Lounge, which was out of service.",7,,2026-02,ChaseSapphire,https://www.reddit.com/r/ChaseSapphire/comments/1resmcd/bos_sapphire_lounge_wont_check_me_in_because/,True
comment_0015984,CAPITAL_ONE,Capital One,"Space, Amenities & Convenience",LOCATION_CONVENIENCE,Location convenience,NEGATIVE,"To be honest, recently it's less about lounge access for me as I prefer not to structure my travel around lounges, prefer decent meal in the city regardless its cost and even in LAX if I fly with United it's almost impossible to access either Amex or Priority Pass lounge. Will I choose another flight just to be close to that terminal? No.",9,,2026-02,AmexPlatinum,https://www.reddit.com/r/AmexPlatinum/comments/1qzu2tw/dfw_capitalone_vs_centurion_lounge/,True
comment_0015999,CHASE,Chase,"Space, Amenities & Convenience",AMBIENCE_DESIGN,Ambience & design,NEGATIVE,"Some of the seating is partially in the terminal and every 5 minutes there would be people walking over to peer over the short wall and just sort of leer at you for a minute. The Centurion lounge is on the smaller side for their lounges, but smaller and tucked away from the terminal giving you a little more quiet and peace comparatively.",5,PHX,2026-02,AmexPlatinum,https://www.reddit.com/r/AmexPlatinum/comments/1qzdwwj/phx_terminal_4_lounge_centurion_vs_sapphire_lounge/,True
comment_0009275,CHASE,Chase,"Space, Amenities & Convenience",AMBIENCE_DESIGN,Ambience & design,NEGATIVE,Obviously the lounge is far too small for the number of eligible cardholders who travel from Las Vegas. It was probably the only space that Chase could rent but maybe they should have turned it down until the airport was able to give them a larger space.,7,LAS,2026-05,chasesapphirereserve,https://www.reddit.com/r/ChaseSapphireReserve/comments/1t36248/whats_the_point_of_a_lounge_with_a_two_hour_wait/,False
comment_0002651,CHASE,Chase,"Space, Amenities & Convenience",AMENITIES,Amenities,NEGATIVE,"Definitely a great perk. CSR lounge at DFW is nice too in terms of having multiple seating areas that you can relax while waiting for your flight - nice big, inviting sofas. Breakfast was good, same as PHL with buffet area and QR to access menu for made to order dishes.",9,DFW,2026-07,ChaseSapphire,https://www.reddit.com/r/ChaseSapphire/comments/1vbsbun/chase_is_removing_sapphire_lounges_from_priority/,False
comment_0004188,CHASE,Chase,"Space, Amenities & Convenience",VALUE_FOR_MONEY,Value for money,NEGATIVE,"At $795 and constantly be waitlisted, I no longer see the value I once did. I was so excited when the CSR lounge opened at BOS that I actually took a flight to be able to be there the first day. Got a commemorative luggage tag and everything.",10,BOS,2026-07,ChaseSapphire,https://www.reddit.com/r/ChaseSapphire/comments/1uyyyv2/lounge_access_3_hour_prior_rule/,False
comment_0000606,CHASE,Chase,"Space, Amenities & Convenience",VALUE_FOR_MONEY,Value for money,NEGATIVE,"Flew out of SAN last month and it was ok - mediocre service (had to ask multiple times to get plates cleared) but had good food options. Also flew out of JFK last month, waited an hour, and it was so disappointing. If I was Chase I would be embarrassed to have my name on this place.",11,JFK,2026-08,ChaseSapphire,https://www.reddit.com/r/ChaseSapphire/comments/1vsvsf2/long_disillusioned_by_recent_jfk_lounge_visit/,False
comment_0017918,CHASE,Chase,"Space, Amenities & Convenience",OPERATING_HOURS,Operating hours,NEGATIVE,"I recently tried both C1 and Chase Sapphire lounges in JFK. They were both good, each had its advantages: C1: open 24/7, providing snacks and food to-go for the flight, bigger and exclusive to C1 so less waiting time (in both times I went I didn't have to wait). Chase: better food (more selection, bigger portions and tastiest overall).",13,JFK,2026-01,Venturex,https://www.reddit.com/r/Venturex/comments/1qg7ab5/chase_sapphire_lounge_versus_cap_1_lounge/,True
comment_0003222,CHASE,Chase,"Space, Amenities & Convenience",LOCATION_CONVENIENCE,Location convenience,NEGATIVE,"As pointed out by others, Boston has no Cap One lounge. Priority Pass will get you into the Chase lounge in what is likely the worst location for your flight at Boston, but only after mostly horrendous wait times. But Priority Pass lounges in the U.S.",17,,2026-07,Venturex,https://www.reddit.com/r/Venturex/comments/1v8cap5/is_paying_for_additional_cardholder_lounge_access/,False
comment_0014767,CHASE,Chase,"Space, Amenities & Convenience",FAMILY_CHILDREN,Family & children,NEGATIVE,"Duh, I travel for work. I can’t bring my family-my party of 2+ and I go to the lounge to LOUNGE and not have to take all my bags to the bathroom with me or every time I get up. I was ordered to go to the bar or wait.",22,,2026-02,ChaseSapphire,https://www.reddit.com/r/ChaseSapphire/comments/1rggptv/phx_chase_sapphire_lounge_is_terrible/,False
comment_0002333,CHASE,Chase,"Space, Amenities & Convenience",VALUE_FOR_MONEY,Value for money,NEGATIVE,"The first class lounges run by airlines are still very nice, FC JAL, FC Qantas, FC Cathay, especially in their home base airports like Haneda and Hong Kong, but the credit card access lounges are more packed than the terminals. I like the food at centurion and chase, but the 30-45 minute waits sometime aren’t worth it - neither is the crowd and noise.",23,,2026-08,AmexPlatinum,https://www.reddit.com/r/AmexPlatinum/comments/1ve5eks/why_some_travelers_say_airport_lounges_just_arent/,False
comment_0007092,DELTA,Delta,"Space, Amenities & Convenience",LOCATION_CONVENIENCE,Location convenience,NEGATIVE,The delta lounge is very good. There is no efficient way to travel between terminals.,7,,2026-06,AmexPlatinum,https://www.reddit.com/r/AmexPlatinum/comments/1u090k7/lga_how_doable_is_the_travel_from_terminal_c_to_b/,False
comment_0005507,AMEX,Amex,"Space, Amenities & Convenience",AMENITIES,Amenities,POSITIVE,I know Centurion Lounges aren’t impacted by this but being able to take a shower in SLC after a warm day of skiing was amazing.,6,SLC,2026-06,AmexPlatinum,https://www.reddit.com/r/AmexPlatinum/comments/1ufu2gj/priority_pass_negative_changes_shower_fees_lounge/,False
comment_0009955,AMEX,Amex,"Space, Amenities & Convenience",FAMILY_CHILDREN,Family & children,POSITIVE,"Amex Platinum (Charles Schwab version) Travel perks are great. They have the largest lounge network, including access to Delta Sky Club when flying Delta, and lounges make the airport experience far more pleasant especially when traveling with kids. I've been very happy with the FHR properties I've booked and associated perks.",8,,2026-04,CreditCards,https://www.reddit.com/r/CreditCards/comments/1swig2m/if_you_could_only_keep_one_travel_card_for_the/,False
comment_0014351,AMEX,Amex,"Space, Amenities & Convenience",AMENITIES,Amenities,POSITIVE,Much better off showering in the Centurian or Delta lounges.,11,DFW,2026-03,Venturex,https://www.reddit.com/r/Venturex/comments/1rjz0ga/dfw_lounge_shower/,False
comment_0011354,AMEX,Amex,"Space, Amenities & Convenience",AMENITIES,Amenities,POSITIVE,"Luckily most of my trips this year are before October 1st so will make the most of it while we still have it, but going forward this is going to be a real bummer. Stopping by and grabbing a shower in the LH lounges after a long flight was a great perk. I’m curious if this is more LH driven than AMEX driven",17,,2026-04,AmexPlatinum,https://www.reddit.com/r/AmexPlatinum/comments/1shebz2/american_express_platinum_cardholders_to_lose/,False
comment_0004632,AMEX,Amex,"Space, Amenities & Convenience",LOCATION_CONVENIENCE,Location convenience,POSITIVE,Drinks are strong. Terminal 3 has an escape lounge but not nearly as good as the escape lounge in terminal 4. If you have time it’s worth it for a bite and free drink but that’s it.,19,PHX,2026-07,AmexPlatinum,https://www.reddit.com/r/AmexPlatinum/comments/1urkwj3/phoenix_lounge_question/,False
comment_0006011,AMEX,Amex,"Space, Amenities & Convenience",VALUE_FOR_MONEY,Value for money,POSITIVE,The lounge was nothing special but we had a long layover and there was food and drinks and clean bathrooms. For an 8 hour layover I think it’s worth it; you’ll probably end up spending $100 for food and drinks at the airport anyways.,21,LHR,2026-06,AmexPlatinum,https://www.reddit.com/r/AmexPlatinum/comments/1u9zo1m/lounge_access_at_lhr/,False
comment_0005929,AMEX,Amex,"Space, Amenities & Convenience",LOCATION_CONVENIENCE,Location convenience,POSITIVE,"Wait time was 45 mins once on the list. The lounge was full when I got in but seating available, I think the wait list was appropriate. Food and drinks were great, watched the Switzerland World Cup Match at the bar.",23,,2026-06,AmexPlatinum,https://www.reddit.com/r/AmexPlatinum/comments/1uaz9ug/sfo_delta_sky_club_vs_centurion_temp/,False
comment_0007353,AMEX,Amex,"Space, Amenities & Convenience",LOCATION_CONVENIENCE,Location convenience,POSITIVE,"Crowding hasn’t been a major issues since the access changes were implemented in February. Food, staff, and amenities are all great. Sapphire Lounges are also solid.",24,,2026-06,CreditCards,https://www.reddit.com/r/CreditCards/comments/1tvube0/chase_lounge_vs_centurion_lounge_vs_capital_one/,False
comment_0012135,CAPITAL_ONE,Capital One,"Space, Amenities & Convenience",LOCATION_CONVENIENCE,Location convenience,POSITIVE,It’s a quick tram ride from terminal 3 (E gates) right to the lounge located in the D gates terminal.,1,LAS,2026-03,Venturex,https://www.reddit.com/r/Venturex/comments/1s6o2py/las_vegas_c1_lounge/,False
comment_0003402,CAPITAL_ONE,Capital One,"Space, Amenities & Convenience",AMENITIES,Amenities,POSITIVE,"Capital one DFW lounge is great, and has both shower and relaxation rooms which are wonderful if you have copious time.",10,DFW,2026-07,Venturex,https://www.reddit.com/r/Venturex/comments/1v6mqd8/dfw_lounges/,False
comment_0007263,CAPITAL_ONE,Capital One,"Space, Amenities & Convenience",AMBIENCE_DESIGN,Ambience & design,POSITIVE,"I visited Capital One Landing at DCA for the first time a few weeks ago, and it honestly made such a great impression. The whole place has a comfortable and polished feel, but still feels relaxed enough to actually enjoy before a flight. The menu looked really impressive, which makes sense since it was designed by the José Andrés group.",13,DCA,2026-06,Venturex,https://www.reddit.com/r/Venturex/comments/1txx2av/dc_area_folks_is_the_food_better_at_dca_landing/,False
comment_0009618,CAPITAL_ONE,Capital One,"Space, Amenities & Convenience",LOCATION_CONVENIENCE,Location convenience,POSITIVE,"Also, I’m in Vegas which has a nice Capitalone lounge. I typically go to the Chase lounge first and then relax at the capitalone lounge before my flight if it’s closer to my gate. The Hertz presidents circle membership came in handy too for renting cars.",23,,2026-05,Venturex,https://www.reddit.com/r/Venturex/comments/1t0wf8z/is_venture_x_basically_a_free_card/,False
comment_0003373,CHASE,Chase,"Space, Amenities & Convenience",AMBIENCE_DESIGN,Ambience & design,POSITIVE,Design looks so much better than most other lounges at the Sapphire Lounge,2,DFW,2026-07,ChaseSapphire,https://www.reddit.com/r/ChaseSapphire/comments/1v74z93/dfw_sapphire_lounge/,False
comment_0017912,CHASE,Chase,"Space, Amenities & Convenience",AMBIENCE_DESIGN,Ambience & design,POSITIVE,"I've been to most of the C1 lounges multiple times (all except LAS). I've only been to one Sapphire lounge once (BOS), but here were my major impressions: 1) The quality of the food, drink and amenities was similar. I found both enjoyable.",10,BOS,2026-01,Venturex,https://www.reddit.com/r/Venturex/comments/1qg7ab5/chase_sapphire_lounge_versus_cap_1_lounge/,False
comment_0002744,CHASE,Chase,"Space, Amenities & Convenience",FAMILY_CHILDREN,Family & children,POSITIVE,Nicer AND better food options. AMEX lounge at JFK is a weird space in my opinion. Sort of long and narrow and it’s 2 floors with a speakeasy on the 3rd floor.,11,JFK,2026-07,AmexPlatinum,https://www.reddit.com/r/AmexPlatinum/comments/1vbykvr/amex_platinum_will_no_longer_get_annual_admission/,True
comment_0014760,CHASE,Chase,"Space, Amenities & Convenience",FAMILY_CHILDREN,Family & children,POSITIVE,"Had a wonderful time at PHX CS Lounge this month: - we made a reservation in advance, zero wait - immediate table service upon sitting and checked in after 15 minutes as well - “King”, the bartender made custom cocktails for me and was an awesome gentleman - staff bought treats for the kids It’s likely those “open tables” we reserved.",18,PHX,2026-02,ChaseSapphire,https://www.reddit.com/r/ChaseSapphire/comments/1rggptv/phx_chase_sapphire_lounge_is_terrible/,False
comment_0003360,CHASE,Chase,"Space, Amenities & Convenience",AMENITIES,Amenities,POSITIVE,The new DFW Sapphire lounge is great so far. Much bigger than Las Vegas and wayyyyy more space. It overlooks land wide mostly.,19,DFW,2026-07,ChaseSapphire,https://www.reddit.com/r/ChaseSapphire/comments/1v74z93/dfw_sapphire_lounge/,False
comment_0011302,CHASE,Chase,"Space, Amenities & Convenience",AMENITIES,Amenities,POSITIVE,"I only tried Chase lounges so far, I don't think the competition's lounges would be better if you went CSR. Amenities on chase are definitely well thought, but not the food. Delta and Centurion usually gets palatable hot food.",20,,2026-04,AmexPlatinum,https://www.reddit.com/r/AmexPlatinum/comments/1shuymf/is_american_express_platinum_card_losing_its/,True
comment_0002651,CHASE,Chase,"Space, Amenities & Convenience",AMENITIES,Amenities,POSITIVE,"Definitely a great perk. CSR lounge at DFW is nice too in terms of having multiple seating areas that you can relax while waiting for your flight - nice big, inviting sofas. Breakfast was good, same as PHL with buffet area and QR to access menu for made to order dishes.",21,PHL,2026-07,ChaseSapphire,https://www.reddit.com/r/ChaseSapphire/comments/1vbsbun/chase_is_removing_sapphire_lounges_from_priority/,False
comment_0016974,CHASE,Chase,"Space, Amenities & Convenience",LOCATION_CONVENIENCE,Location convenience,POSITIVE,The CSR lounge is in the connector between B and C. From the lounge I’d say it’s ~15 mins walk to terminal E. Definitely doable if you have time and it’s definitely nicer than the lounges in terminal E you could access with priority pass.,22,,2026-01,ChaseSapphire,https://www.reddit.com/r/ChaseSapphire/comments/1qqalwu/csrpp_logan_lounge/,False
comment_0008488,CHASE,Chase,"Space, Amenities & Convenience",WIFI_WORKSPACE,Wi-Fi & workspace,POSITIVE,"Many of the airports I travel to have priority pass lounges. It saves me a lot of money having food and drink for free, plus I have a better workspace. The $300 travel credit plus savings at the lounge pays for the fee.",24,,2026-05,ChaseSapphire,https://www.reddit.com/r/ChaseSapphire/comments/1tdk96g/lounges/,False
comment_0014351,DELTA,Delta,"Space, Amenities & Convenience",AMENITIES,Amenities,POSITIVE,Much better off showering in the Centurian or Delta lounges.,3,DFW,2026-03,Venturex,https://www.reddit.com/r/Venturex/comments/1rjz0ga/dfw_lounge_shower/,False
comment_0013073,DELTA,Delta,"Space, Amenities & Convenience",FAMILY_CHILDREN,Family & children,POSITIVE,used the Delta Sky Club for my two kids ($50 each). That was really nice.,5,,2026-03,AmexPlatinum,https://www.reddit.com/r/AmexPlatinum/comments/1rw7w8i/struggling_to_use_airline_credit_ideas_thoughts/,False
comment_0004022,DELTA,Delta,"Space, Amenities & Convenience",VALUE_FOR_MONEY,Value for money,POSITIVE,Only time I use a lounge for lounging is when traveling with my spouse or family… otherwise it’s to have access to a quick lunch/dinner or to use nicer bathroom facilities. That alone makes it worth it for me.,8,,2026-07,AmexPlatinum,https://www.reddit.com/r/AmexPlatinum/comments/1uzpru9/airport_lounge_crowds_and_confusion_infuriate/,True
comment_0001727,DELTA,Delta,"Space, Amenities & Convenience",VALUE_FOR_MONEY,Value for money,POSITIVE,"Uh, if you’re on Delta there’s absolutely a lounge (or at least used to be) - I have spent many, many hours there. Before Covid and lounges weren’t hot garbage, it was one of the primary reasons the fee on the plat was worth it.",10,,2026-08,AmexPlatinum,https://www.reddit.com/r/AmexPlatinum/comments/1vl2hmk/are_there_really_no_lounges_in_tampas_airport/,False
comment_0005926,DELTA,Delta,"Space, Amenities & Convenience",LOCATION_CONVENIENCE,Location convenience,POSITIVE,The SFO one is great and it being right by the gate is a huge benefit. If you don’t care about overhead space you can literally stay in the lounge until boarding is well underway and still make the flight without hurrying at all.,11,SFO,2026-06,AmexPlatinum,https://www.reddit.com/r/AmexPlatinum/comments/1uaz9ug/sfo_delta_sky_club_vs_centurion_temp/,False
comment_0001424,DELTA,Delta,"Space, Amenities & Convenience",AMBIENCE_DESIGN,Ambience & design,POSITIVE,Main bar is at a junction of the space so it gets very crowded with folks sitting at the bar and waiting for drinks vs those that just want to get to the bathrooms or the other side for food and drinks. Favorite is MEX T2 location followed by DEN when not busy and crowded (rare) Edit: I'll add that my absolute best non-Centurion lounge experience was the Delta One lounge in LAX.,13,LAX,2026-08,AmexPlatinum,https://www.reddit.com/r/AmexPlatinum/comments/1vn05yd/best_centurion_lounge/,False
comment_0012823,DELTA,Delta,"Space, Amenities & Convenience",AMBIENCE_DESIGN,Ambience & design,POSITIVE,"Just use the Chase lounge if they allow. Otherwise Delta Sky Club is a much better lounge than CL by virtue of being gigantic, a lot of space tk spread out. I would not pay $50 each for CL.",19,,2026-03,AmexPlatinum,https://www.reddit.com/r/AmexPlatinum/comments/1rz1vrj/jfk_term_4_best_option_seems_to_be/,False
comment_0007266,DELTA,Delta,"Space, Amenities & Convenience",LOCATION_CONVENIENCE,Location convenience,POSITIVE,"The Escape Lounge is practically brand new, very nice. Sky Club felt a little small and dated, though for a redeye I don’t think you’ll struggle for space. The nice thing is the lounges are a one min walk apart, so if you don’t like one you can just go to the other!",20,,2026-06,AmexPlatinum,https://www.reddit.com/r/AmexPlatinum/comments/1txtk3f/pdx_delta_sky_club_or_escape_lounge/,False
comment_0011395,DELTA,Delta,"Space, Amenities & Convenience",FAMILY_CHILDREN,Family & children,POSITIVE,"We’ve had it for 4 years and have yet to be able to use it though honestly we don’t even try anymore. My kids much prefer delta lounges bc the food is better, more space, more casual. If you’re not flying exclusively on delta get the Amex platinum.",21,,2026-04,AmexPlatinum,https://www.reddit.com/r/AmexPlatinum/comments/1sge4n1/delta_reserve_vs_platinum_with_family/,False
