scope_brand,executive_theme,sentiment_group,month,airport_code,detailed_aspects,unique_comments
ALL,Access & Capacity,MIXED_NEUTRAL,2026-01,,ACCESS_EXPERIENCE,1
ALL,Access & Capacity,MIXED_NEUTRAL,2026-01,,CROWDING | ACCESS_EXPERIENCE,1
ALL,Access & Capacity,MIXED_NEUTRAL,2026-01,,CROWDING | WAIT_TIME_QUEUE,1
ALL,Access & Capacity,MIXED_NEUTRAL,2026-01,,CROWDING | WAIT_TIME_QUEUE | SEATING_AVAILABILITY | RESERVATION_SYSTEM,1
ALL,Access & Capacity,MIXED_NEUTRAL,2026-01,,WAIT_TIME_QUEUE,2
ALL,Access & Capacity,MIXED_NEUTRAL,2026-01,BOS,CROWDING | WAIT_TIME_QUEUE | SEATING_AVAILABILITY | ACCESS_EXPERIENCE,1
ALL,Access & Capacity,MIXED_NEUTRAL,2026-01,DEN,CROWDING,1
ALL,Access & Capacity,MIXED_NEUTRAL,2026-01,ICN,ACCESS_EXPERIENCE,1
ALL,Access & Capacity,MIXED_NEUTRAL,2026-01,SEA,CROWDING | SEATING_AVAILABILITY | RESERVATION_SYSTEM,1
ALL,Access & Capacity,MIXED_NEUTRAL,2026-02,,CROWDING,1
ALL,Access & Capacity,MIXED_NEUTRAL,2026-02,,CROWDING | ACCESS_EXPERIENCE,1
ALL,Access & Capacity,MIXED_NEUTRAL,2026-02,,CROWDING | ACCESS_EXPERIENCE | RESERVATION_SYSTEM,1
ALL,Access & Capacity,MIXED_NEUTRAL,2026-02,,WAIT_TIME_QUEUE | ACCESS_EXPERIENCE,1
ALL,Access & Capacity,MIXED_NEUTRAL,2026-02,DFW,CROWDING | WAIT_TIME_QUEUE,1
ALL,Access & Capacity,MIXED_NEUTRAL,2026-02,DFW,CROWDING | WAIT_TIME_QUEUE | RESERVATION_SYSTEM,1
ALL,Access & Capacity,MIXED_NEUTRAL,2026-02,MULTIPLE,CROWDING | WAIT_TIME_QUEUE | SEATING_AVAILABILITY,1
ALL,Access & Capacity,MIXED_NEUTRAL,2026-02,PHL,WAIT_TIME_QUEUE,1
ALL,Access & Capacity,MIXED_NEUTRAL,2026-02,SEA,ACCESS_EXPERIENCE,1
ALL,Access & Capacity,MIXED_NEUTRAL,2026-03,,CROWDING | WAIT_TIME_QUEUE | ACCESS_EXPERIENCE | RESERVATION_SYSTEM,1
ALL,Access & Capacity,MIXED_NEUTRAL,2026-03,,RESERVATION_SYSTEM,1
ALL,Access & Capacity,MIXED_NEUTRAL,2026-03,LAS,CROWDING | WAIT_TIME_QUEUE | ACCESS_EXPERIENCE,1
ALL,Access & Capacity,MIXED_NEUTRAL,2026-03,LAS,WAIT_TIME_QUEUE | RESERVATION_SYSTEM,1
ALL,Access & Capacity,MIXED_NEUTRAL,2026-04,,CROWDING | WAIT_TIME_QUEUE,1
ALL,Access & Capacity,MIXED_NEUTRAL,2026-04,,WAIT_TIME_QUEUE,2
ALL,Access & Capacity,MIXED_NEUTRAL,2026-04,DFW,CROWDING | SEATING_AVAILABILITY | ACCESS_EXPERIENCE,1
ALL,Access & Capacity,MIXED_NEUTRAL,2026-04,DFW,CROWDING | WAIT_TIME_QUEUE | SEATING_AVAILABILITY | RESERVATION_SYSTEM,1
ALL,Access & Capacity,MIXED_NEUTRAL,2026-04,IAD,CROWDING | ACCESS_EXPERIENCE,1
ALL,Access & Capacity,MIXED_NEUTRAL,2026-04,JFK,ACCESS_EXPERIENCE,1
ALL,Access & Capacity,MIXED_NEUTRAL,2026-04,JFK,WAIT_TIME_QUEUE | ACCESS_EXPERIENCE,2
ALL,Access & Capacity,MIXED_NEUTRAL,2026-04,LAS,CROWDING | WAIT_TIME_QUEUE | SEATING_AVAILABILITY | ACCESS_EXPERIENCE,1
ALL,Access & Capacity,MIXED_NEUTRAL,2026-04,LAS,WAIT_TIME_QUEUE | ACCESS_EXPERIENCE | RESERVATION_SYSTEM,1
ALL,Access & Capacity,MIXED_NEUTRAL,2026-04,MEX,WAIT_TIME_QUEUE,1
ALL,Access & Capacity,MIXED_NEUTRAL,2026-04,MULTIPLE,WAIT_TIME_QUEUE,1
ALL,Access & Capacity,MIXED_NEUTRAL,2026-04,MULTIPLE,WAIT_TIME_QUEUE | RESERVATION_SYSTEM,1
ALL,Access & Capacity,MIXED_NEUTRAL,2026-04,SAN,WAIT_TIME_QUEUE | ACCESS_EXPERIENCE,1
ALL,Access & Capacity,MIXED_NEUTRAL,2026-05,,WAIT_TIME_QUEUE | ACCESS_EXPERIENCE,2
ALL,Access & Capacity,MIXED_NEUTRAL,2026-05,,WAIT_TIME_QUEUE | RESERVATION_SYSTEM,2
ALL,Access & Capacity,MIXED_NEUTRAL,2026-05,DEN,CROWDING | WAIT_TIME_QUEUE | SEATING_AVAILABILITY,1
ALL,Access & Capacity,MIXED_NEUTRAL,2026-05,DFW,WAIT_TIME_QUEUE | SEATING_AVAILABILITY,1
ALL,Access & Capacity,MIXED_NEUTRAL,2026-05,MULTIPLE,CROWDING | WAIT_TIME_QUEUE | RESERVATION_SYSTEM,1
ALL,Access & Capacity,MIXED_NEUTRAL,2026-06,,CROWDING | ACCESS_EXPERIENCE | RESERVATION_SYSTEM,1
ALL,Access & Capacity,MIXED_NEUTRAL,2026-06,,CROWDING | WAIT_TIME_QUEUE | ACCESS_EXPERIENCE,1
ALL,Access & Capacity,MIXED_NEUTRAL,2026-06,,CROWDING | WAIT_TIME_QUEUE | SEATING_AVAILABILITY | RESERVATION_SYSTEM,1
ALL,Access & Capacity,MIXED_NEUTRAL,2026-06,,WAIT_TIME_QUEUE | RESERVATION_SYSTEM,1
ALL,Access & Capacity,MIXED_NEUTRAL,2026-06,ATL,CROWDING | ACCESS_EXPERIENCE,1
ALL,Access & Capacity,MIXED_NEUTRAL,2026-06,ATL,CROWDING | RESERVATION_SYSTEM,1
ALL,Access & Capacity,MIXED_NEUTRAL,2026-06,DCA,CROWDING | SEATING_AVAILABILITY | RESERVATION_SYSTEM,1
ALL,Access & Capacity,MIXED_NEUTRAL,2026-06,IAD,CROWDING | WAIT_TIME_QUEUE,1
ALL,Access & Capacity,MIXED_NEUTRAL,2026-06,JFK,CROWDING | WAIT_TIME_QUEUE,1
ALL,Access & Capacity,MIXED_NEUTRAL,2026-06,JFK,WAIT_TIME_QUEUE | ACCESS_EXPERIENCE,1
ALL,Access & Capacity,MIXED_NEUTRAL,2026-06,LAS,CROWDING | WAIT_TIME_QUEUE | SEATING_AVAILABILITY,1
ALL,Access & Capacity,MIXED_NEUTRAL,2026-06,LAS,WAIT_TIME_QUEUE | ACCESS_EXPERIENCE | RESERVATION_SYSTEM,1
ALL,Access & Capacity,MIXED_NEUTRAL,2026-06,LGA,WAIT_TIME_QUEUE | ACCESS_EXPERIENCE,1
ALL,Access & Capacity,MIXED_NEUTRAL,2026-06,MULTIPLE,CROWDING,1
ALL,Access & Capacity,MIXED_NEUTRAL,2026-06,MULTIPLE,CROWDING | WAIT_TIME_QUEUE | SEATING_AVAILABILITY,1
ALL,Access & Capacity,MIXED_NEUTRAL,2026-07,,CROWDING | ACCESS_EXPERIENCE,2
ALL,Access & Capacity,MIXED_NEUTRAL,2026-07,,CROWDING | RESERVATION_SYSTEM,1
ALL,Access & Capacity,MIXED_NEUTRAL,2026-07,,CROWDING | WAIT_TIME_QUEUE,2
ALL,Access & Capacity,MIXED_NEUTRAL,2026-07,,CROWDING | WAIT_TIME_QUEUE | ACCESS_EXPERIENCE,1
ALL,Access & Capacity,MIXED_NEUTRAL,2026-07,,CROWDING | WAIT_TIME_QUEUE | ACCESS_EXPERIENCE | RESERVATION_SYSTEM,1
ALL,Access & Capacity,MIXED_NEUTRAL,2026-07,,CROWDING | WAIT_TIME_QUEUE | SEATING_AVAILABILITY,1
ALL,Access & Capacity,MIXED_NEUTRAL,2026-07,ATL,CROWDING | WAIT_TIME_QUEUE | RESERVATION_SYSTEM,1
ALL,Access & Capacity,MIXED_NEUTRAL,2026-07,BOS,CROWDING | ACCESS_EXPERIENCE,1
ALL,Access & Capacity,MIXED_NEUTRAL,2026-07,DEN,WAIT_TIME_QUEUE | ACCESS_EXPERIENCE,1
ALL,Access & Capacity,MIXED_NEUTRAL,2026-07,DFW,CROWDING | WAIT_TIME_QUEUE | RESERVATION_SYSTEM,1
ALL,Access & Capacity,MIXED_NEUTRAL,2026-07,JFK,WAIT_TIME_QUEUE,1
ALL,Access & Capacity,MIXED_NEUTRAL,2026-07,LAS,CROWDING | WAIT_TIME_QUEUE,1
ALL,Access & Capacity,MIXED_NEUTRAL,2026-07,LAX,ACCESS_EXPERIENCE,1
ALL,Access & Capacity,MIXED_NEUTRAL,2026-07,MULTIPLE,WAIT_TIME_QUEUE | SEATING_AVAILABILITY,1
ALL,Access & Capacity,MIXED_NEUTRAL,2026-08,,CROWDING | ACCESS_EXPERIENCE,1
ALL,Access & Capacity,MIXED_NEUTRAL,2026-08,,CROWDING | WAIT_TIME_QUEUE | SEATING_AVAILABILITY,1
ALL,Access & Capacity,MIXED_NEUTRAL,2026-08,,WAIT_TIME_QUEUE | ACCESS_EXPERIENCE,1
ALL,Access & Capacity,MIXED_NEUTRAL,2026-08,LAS,CROWDING | WAIT_TIME_QUEUE,1
ALL,Access & Capacity,MIXED_NEUTRAL,2026-08,YVR,ACCESS_EXPERIENCE,1
ALL,Access & Capacity,NEGATIVE,2026-01,,ACCESS_EXPERIENCE,2
ALL,Access & Capacity,NEGATIVE,2026-01,,CROWDING,8
ALL,Access & Capacity,NEGATIVE,2026-01,,CROWDING | ACCESS_EXPERIENCE,3
ALL,Access & Capacity,NEGATIVE,2026-01,,CROWDING | WAIT_TIME_QUEUE | RESERVATION_SYSTEM,2
ALL,Access & Capacity,NEGATIVE,2026-01,,CROWDING | WAIT_TIME_QUEUE | SEATING_AVAILABILITY | RESERVATION_SYSTEM,1
ALL,Access & Capacity,NEGATIVE,2026-01,,RESERVATION_SYSTEM,1
ALL,Access & Capacity,NEGATIVE,2026-01,,WAIT_TIME_QUEUE,5
ALL,Access & Capacity,NEGATIVE,2026-01,,WAIT_TIME_QUEUE | ACCESS_EXPERIENCE,2
ALL,Access & Capacity,NEGATIVE,2026-01,,WAIT_TIME_QUEUE | RESERVATION_SYSTEM,2
ALL,Access & Capacity,NEGATIVE,2026-01,,WAIT_TIME_QUEUE | SEATING_AVAILABILITY,1
ALL,Access & Capacity,NEGATIVE,2026-01,ATL,WAIT_TIME_QUEUE | SEATING_AVAILABILITY,1
ALL,Access & Capacity,NEGATIVE,2026-01,BOS,WAIT_TIME_QUEUE,1
ALL,Access & Capacity,NEGATIVE,2026-01,CLT,WAIT_TIME_QUEUE,1
ALL,Access & Capacity,NEGATIVE,2026-01,DCA,CROWDING,2
ALL,Access & Capacity,NEGATIVE,2026-01,LAS,CROWDING | WAIT_TIME_QUEUE,1
ALL,Access & Capacity,NEGATIVE,2026-01,LAS,WAIT_TIME_QUEUE,1
ALL,Access & Capacity,NEGATIVE,2026-01,LAS,WAIT_TIME_QUEUE | SEATING_AVAILABILITY | ACCESS_EXPERIENCE,1
ALL,Access & Capacity,NEGATIVE,2026-01,LAX,ACCESS_EXPERIENCE,1
ALL,Access & Capacity,NEGATIVE,2026-01,LGA,CROWDING,2
ALL,Access & Capacity,NEGATIVE,2026-01,MIA,CROWDING | SEATING_AVAILABILITY,1
ALL,Access & Capacity,NEGATIVE,2026-01,PHX,CROWDING,2
ALL,Access & Capacity,NEGATIVE,2026-01,PHX,WAIT_TIME_QUEUE | RESERVATION_SYSTEM,1
ALL,Access & Capacity,NEGATIVE,2026-01,SLC,CROWDING,1
ALL,Access & Capacity,NEGATIVE,2026-02,,ACCESS_EXPERIENCE,4
ALL,Access & Capacity,NEGATIVE,2026-02,,CROWDING,3
ALL,Access & Capacity,NEGATIVE,2026-02,,CROWDING | SEATING_AVAILABILITY | ACCESS_EXPERIENCE,1
ALL,Access & Capacity,NEGATIVE,2026-02,,SEATING_AVAILABILITY,1
ALL,Access & Capacity,NEGATIVE,2026-02,,WAIT_TIME_QUEUE,2
ALL,Access & Capacity,NEGATIVE,2026-02,,WAIT_TIME_QUEUE | SEATING_AVAILABILITY,1
ALL,Access & Capacity,NEGATIVE,2026-02,BOS,ACCESS_EXPERIENCE,1
ALL,Access & Capacity,NEGATIVE,2026-02,BOS,CROWDING | WAIT_TIME_QUEUE | ACCESS_EXPERIENCE,1
ALL,Access & Capacity,NEGATIVE,2026-02,BOS,WAIT_TIME_QUEUE,2
ALL,Access & Capacity,NEGATIVE,2026-02,CLT,CROWDING | ACCESS_EXPERIENCE,1
ALL,Access & Capacity,NEGATIVE,2026-02,DFW,ACCESS_EXPERIENCE,1
ALL,Access & Capacity,NEGATIVE,2026-02,DFW,CROWDING | WAIT_TIME_QUEUE,1
ALL,Access & Capacity,NEGATIVE,2026-02,IAD,CROWDING | ACCESS_EXPERIENCE,1
ALL,Access & Capacity,NEGATIVE,2026-02,JFK,CROWDING,1
ALL,Access & Capacity,NEGATIVE,2026-02,LAS,WAIT_TIME_QUEUE,1
ALL,Access & Capacity,NEGATIVE,2026-02,LAX,CROWDING,1
ALL,Access & Capacity,NEGATIVE,2026-02,LAX,CROWDING | ACCESS_EXPERIENCE,1
ALL,Access & Capacity,NEGATIVE,2026-02,PHL,WAIT_TIME_QUEUE,1
ALL,Access & Capacity,NEGATIVE,2026-02,PHX,CROWDING,1
ALL,Access & Capacity,NEGATIVE,2026-02,PHX,CROWDING | WAIT_TIME_QUEUE | RESERVATION_SYSTEM,1
ALL,Access & Capacity,NEGATIVE,2026-02,PHX,WAIT_TIME_QUEUE,1
ALL,Access & Capacity,NEGATIVE,2026-02,SEA,CROWDING | WAIT_TIME_QUEUE,1
ALL,Access & Capacity,NEGATIVE,2026-03,,ACCESS_EXPERIENCE,1
ALL,Access & Capacity,NEGATIVE,2026-03,,CROWDING,1
ALL,Access & Capacity,NEGATIVE,2026-03,,CROWDING | ACCESS_EXPERIENCE,1
ALL,Access & Capacity,NEGATIVE,2026-03,,CROWDING | ACCESS_EXPERIENCE | RESERVATION_SYSTEM,1
ALL,Access & Capacity,NEGATIVE,2026-03,,CROWDING | SEATING_AVAILABILITY,1
ALL,Access & Capacity,NEGATIVE,2026-03,,CROWDING | WAIT_TIME_QUEUE,1
ALL,Access & Capacity,NEGATIVE,2026-03,,SEATING_AVAILABILITY,1
ALL,Access & Capacity,NEGATIVE,2026-03,,WAIT_TIME_QUEUE,5
ALL,Access & Capacity,NEGATIVE,2026-03,BOS,CROWDING | WAIT_TIME_QUEUE,1
ALL,Access & Capacity,NEGATIVE,2026-03,BOS,RESERVATION_SYSTEM,1
ALL,Access & Capacity,NEGATIVE,2026-03,IAH,WAIT_TIME_QUEUE,1
ALL,Access & Capacity,NEGATIVE,2026-03,JFK,WAIT_TIME_QUEUE,1
ALL,Access & Capacity,NEGATIVE,2026-03,LGA,WAIT_TIME_QUEUE,1
ALL,Access & Capacity,NEGATIVE,2026-03,MIA,CROWDING | ACCESS_EXPERIENCE,1
ALL,Access & Capacity,NEGATIVE,2026-03,MIA,WAIT_TIME_QUEUE,1
ALL,Access & Capacity,NEGATIVE,2026-04,,ACCESS_EXPERIENCE,3
ALL,Access & Capacity,NEGATIVE,2026-04,,CROWDING,5
ALL,Access & Capacity,NEGATIVE,2026-04,,CROWDING | ACCESS_EXPERIENCE,1
ALL,Access & Capacity,NEGATIVE,2026-04,,CROWDING | SEATING_AVAILABILITY,2
ALL,Access & Capacity,NEGATIVE,2026-04,,CROWDING | WAIT_TIME_QUEUE,6
ALL,Access & Capacity,NEGATIVE,2026-04,,SEATING_AVAILABILITY,1
ALL,Access & Capacity,NEGATIVE,2026-04,,SEATING_AVAILABILITY | RESERVATION_SYSTEM,1
ALL,Access & Capacity,NEGATIVE,2026-04,,WAIT_TIME_QUEUE,7
ALL,Access & Capacity,NEGATIVE,2026-04,,WAIT_TIME_QUEUE | ACCESS_EXPERIENCE,1
ALL,Access & Capacity,NEGATIVE,2026-04,,WAIT_TIME_QUEUE | RESERVATION_SYSTEM,1
ALL,Access & Capacity,NEGATIVE,2026-04,CLT,CROWDING | WAIT_TIME_QUEUE | RESERVATION_SYSTEM,1
ALL,Access & Capacity,NEGATIVE,2026-04,DEN,WAIT_TIME_QUEUE,1
ALL,Access & Capacity,NEGATIVE,2026-04,DEN,WAIT_TIME_QUEUE | ACCESS_EXPERIENCE,1
ALL,Access & Capacity,NEGATIVE,2026-04,DFW,CROWDING,1
ALL,Access & Capacity,NEGATIVE,2026-04,DFW,WAIT_TIME_QUEUE | RESERVATION_SYSTEM,1
ALL,Access & Capacity,NEGATIVE,2026-04,JFK,CROWDING | WAIT_TIME_QUEUE,1
ALL,Access & Capacity,NEGATIVE,2026-04,LAS,CROWDING | WAIT_TIME_QUEUE,1
ALL,Access & Capacity,NEGATIVE,2026-04,LAS,WAIT_TIME_QUEUE,3
ALL,Access & Capacity,NEGATIVE,2026-04,LAX,CROWDING | SEATING_AVAILABILITY,1
ALL,Access & Capacity,NEGATIVE,2026-04,LAX,CROWDING | WAIT_TIME_QUEUE,1
ALL,Access & Capacity,NEGATIVE,2026-04,LGA,CROWDING | WAIT_TIME_QUEUE | ACCESS_EXPERIENCE,1
ALL,Access & Capacity,NEGATIVE,2026-04,MIA,WAIT_TIME_QUEUE | ACCESS_EXPERIENCE,1
ALL,Access & Capacity,NEGATIVE,2026-05,,ACCESS_EXPERIENCE,1
ALL,Access & Capacity,NEGATIVE,2026-05,,CROWDING,3
ALL,Access & Capacity,NEGATIVE,2026-05,,CROWDING | WAIT_TIME_QUEUE,1
ALL,Access & Capacity,NEGATIVE,2026-05,,CROWDING | WAIT_TIME_QUEUE | ACCESS_EXPERIENCE,2
ALL,Access & Capacity,NEGATIVE,2026-05,,WAIT_TIME_QUEUE,4
ALL,Access & Capacity,NEGATIVE,2026-05,,WAIT_TIME_QUEUE | ACCESS_EXPERIENCE,2
ALL,Access & Capacity,NEGATIVE,2026-05,ATL,CROWDING,1
ALL,Access & Capacity,NEGATIVE,2026-05,BOS,CROWDING | ACCESS_EXPERIENCE,1
ALL,Access & Capacity,NEGATIVE,2026-05,DFW,WAIT_TIME_QUEUE,1
ALL,Access & Capacity,NEGATIVE,2026-05,JFK,WAIT_TIME_QUEUE,1
ALL,Access & Capacity,NEGATIVE,2026-05,LAS,CROWDING,1
ALL,Access & Capacity,NEGATIVE,2026-05,LAS,WAIT_TIME_QUEUE | RESERVATION_SYSTEM,1
ALL,Access & Capacity,NEGATIVE,2026-05,LGA,ACCESS_EXPERIENCE,1
ALL,Access & Capacity,NEGATIVE,2026-05,LGA,WAIT_TIME_QUEUE,1
ALL,Access & Capacity,NEGATIVE,2026-05,LGA,WAIT_TIME_QUEUE | RESERVATION_SYSTEM,1
ALL,Access & Capacity,NEGATIVE,2026-05,MIA,WAIT_TIME_QUEUE,1
ALL,Access & Capacity,NEGATIVE,2026-05,MULTIPLE,CROWDING | ACCESS_EXPERIENCE,1
ALL,Access & Capacity,NEGATIVE,2026-05,MULTIPLE,CROWDING | WAIT_TIME_QUEUE,1
ALL,Access & Capacity,NEGATIVE,2026-05,SAN,WAIT_TIME_QUEUE | ACCESS_EXPERIENCE,1
ALL,Access & Capacity,NEGATIVE,2026-06,,ACCESS_EXPERIENCE,1
ALL,Access & Capacity,NEGATIVE,2026-06,,CROWDING,3
ALL,Access & Capacity,NEGATIVE,2026-06,,CROWDING | ACCESS_EXPERIENCE,1
ALL,Access & Capacity,NEGATIVE,2026-06,,CROWDING | WAIT_TIME_QUEUE,3
ALL,Access & Capacity,NEGATIVE,2026-06,,RESERVATION_SYSTEM,1
ALL,Access & Capacity,NEGATIVE,2026-06,,WAIT_TIME_QUEUE,3
ALL,Access & Capacity,NEGATIVE,2026-06,CLT,CROWDING,1
ALL,Access & Capacity,NEGATIVE,2026-06,CLT,CROWDING | WAIT_TIME_QUEUE,1
ALL,Access & Capacity,NEGATIVE,2026-06,DEN,RESERVATION_SYSTEM,1
ALL,Access & Capacity,NEGATIVE,2026-06,DEN,WAIT_TIME_QUEUE,1
ALL,Access & Capacity,NEGATIVE,2026-06,DFW,WAIT_TIME_QUEUE,1
ALL,Access & Capacity,NEGATIVE,2026-06,IAH,WAIT_TIME_QUEUE | RESERVATION_SYSTEM,1
ALL,Access & Capacity,NEGATIVE,2026-06,JFK,ACCESS_EXPERIENCE,2
ALL,Access & Capacity,NEGATIVE,2026-06,JFK,WAIT_TIME_QUEUE | ACCESS_EXPERIENCE,1
ALL,Access & Capacity,NEGATIVE,2026-06,LAS,WAIT_TIME_QUEUE,1
ALL,Access & Capacity,NEGATIVE,2026-06,LAS,WAIT_TIME_QUEUE | RESERVATION_SYSTEM,1
ALL,Access & Capacity,NEGATIVE,2026-06,LAX,WAIT_TIME_QUEUE,1
ALL,Access & Capacity,NEGATIVE,2026-06,LGA,ACCESS_EXPERIENCE,1
ALL,Access & Capacity,NEGATIVE,2026-06,SEA,CROWDING,1
ALL,Access & Capacity,NEGATIVE,2026-06,SFO,WAIT_TIME_QUEUE | RESERVATION_SYSTEM,1
ALL,Access & Capacity,NEGATIVE,2026-07,,ACCESS_EXPERIENCE,8
ALL,Access & Capacity,NEGATIVE,2026-07,,CROWDING,12
ALL,Access & Capacity,NEGATIVE,2026-07,,CROWDING | ACCESS_EXPERIENCE,1
ALL,Access & Capacity,NEGATIVE,2026-07,,CROWDING | WAIT_TIME_QUEUE | ACCESS_EXPERIENCE,2
ALL,Access & Capacity,NEGATIVE,2026-07,,CROWDING | WAIT_TIME_QUEUE | SEATING_AVAILABILITY,1
ALL,Access & Capacity,NEGATIVE,2026-07,,WAIT_TIME_QUEUE,6
ALL,Access & Capacity,NEGATIVE,2026-07,,WAIT_TIME_QUEUE | ACCESS_EXPERIENCE,1
ALL,Access & Capacity,NEGATIVE,2026-07,BOS,RESERVATION_SYSTEM,2
ALL,Access & Capacity,NEGATIVE,2026-07,DEN,CROWDING | WAIT_TIME_QUEUE,1
ALL,Access & Capacity,NEGATIVE,2026-07,DFW,CROWDING | WAIT_TIME_QUEUE,2
ALL,Access & Capacity,NEGATIVE,2026-07,DFW,WAIT_TIME_QUEUE | RESERVATION_SYSTEM,1
ALL,Access & Capacity,NEGATIVE,2026-07,DFW,WAIT_TIME_QUEUE | SEATING_AVAILABILITY,1
ALL,Access & Capacity,NEGATIVE,2026-07,JFK,ACCESS_EXPERIENCE,1
ALL,Access & Capacity,NEGATIVE,2026-07,JFK,WAIT_TIME_QUEUE,1
ALL,Access & Capacity,NEGATIVE,2026-07,LAS,CROWDING,1
ALL,Access & Capacity,NEGATIVE,2026-07,LAS,WAIT_TIME_QUEUE,1
ALL,Access & Capacity,NEGATIVE,2026-07,LGA,CROWDING,1
ALL,Access & Capacity,NEGATIVE,2026-07,LGA,CROWDING | ACCESS_EXPERIENCE,1
ALL,Access & Capacity,NEGATIVE,2026-07,LGA,WAIT_TIME_QUEUE | ACCESS_EXPERIENCE,1
ALL,Access & Capacity,NEGATIVE,2026-07,LGA,WAIT_TIME_QUEUE | ACCESS_EXPERIENCE | RESERVATION_SYSTEM,1
ALL,Access & Capacity,NEGATIVE,2026-07,MULTIPLE,WAIT_TIME_QUEUE,1
ALL,Access & Capacity,NEGATIVE,2026-07,MULTIPLE,WAIT_TIME_QUEUE | ACCESS_EXPERIENCE,1
ALL,Access & Capacity,NEGATIVE,2026-07,PHL,CROWDING,1
ALL,Access & Capacity,NEGATIVE,2026-07,PHL,WAIT_TIME_QUEUE,2
ALL,Access & Capacity,NEGATIVE,2026-07,PHX,WAIT_TIME_QUEUE,1
ALL,Access & Capacity,NEGATIVE,2026-07,PHX,WAIT_TIME_QUEUE | ACCESS_EXPERIENCE,1
ALL,Access & Capacity,NEGATIVE,2026-07,SEA,CROWDING | ACCESS_EXPERIENCE,1
ALL,Access & Capacity,NEGATIVE,2026-07,SFO,CROWDING,1
ALL,Access & Capacity,NEGATIVE,2026-08,,CROWDING,5
ALL,Access & Capacity,NEGATIVE,2026-08,,CROWDING | SEATING_AVAILABILITY,1
ALL,Access & Capacity,NEGATIVE,2026-08,,CROWDING | WAIT_TIME_QUEUE,3
ALL,Access & Capacity,NEGATIVE,2026-08,,CROWDING | WAIT_TIME_QUEUE | ACCESS_EXPERIENCE,1
ALL,Access & Capacity,NEGATIVE,2026-08,,RESERVATION_SYSTEM,1
ALL,Access & Capacity,NEGATIVE,2026-08,,WAIT_TIME_QUEUE,2
ALL,Access & Capacity,NEGATIVE,2026-08,,WAIT_TIME_QUEUE | ACCESS_EXPERIENCE,1
ALL,Access & Capacity,NEGATIVE,2026-08,,WAIT_TIME_QUEUE | RESERVATION_SYSTEM,3
ALL,Access & Capacity,NEGATIVE,2026-08,DEN,WAIT_TIME_QUEUE,1
ALL,Access & Capacity,NEGATIVE,2026-08,DFW,WAIT_TIME_QUEUE,2
ALL,Access & Capacity,NEGATIVE,2026-08,IAD,CROWDING | WAIT_TIME_QUEUE,1
ALL,Access & Capacity,NEGATIVE,2026-08,JFK,ACCESS_EXPERIENCE,1
ALL,Access & Capacity,NEGATIVE,2026-08,JFK,CROWDING,1
ALL,Access & Capacity,NEGATIVE,2026-08,JFK,WAIT_TIME_QUEUE,1
ALL,Access & Capacity,NEGATIVE,2026-08,LGA,CROWDING,2
ALL,Access & Capacity,NEGATIVE,2026-08,PHL,WAIT_TIME_QUEUE,1
ALL,Access & Capacity,NEGATIVE,2026-08,PHX,WAIT_TIME_QUEUE,1
ALL,Access & Capacity,POSITIVE,2026-01,,ACCESS_EXPERIENCE,2
ALL,Access & Capacity,POSITIVE,2026-01,,CROWDING | ACCESS_EXPERIENCE,1
ALL,Access & Capacity,POSITIVE,2026-01,,WAIT_TIME_QUEUE,4
ALL,Access & Capacity,POSITIVE,2026-01,CLT,WAIT_TIME_QUEUE,1
ALL,Access & Capacity,POSITIVE,2026-01,DCA,CROWDING,1
ALL,Access & Capacity,POSITIVE,2026-01,JFK,WAIT_TIME_QUEUE,2
ALL,Access & Capacity,POSITIVE,2026-01,JFK,WAIT_TIME_QUEUE | ACCESS_EXPERIENCE,1
ALL,Access & Capacity,POSITIVE,2026-01,LAS,WAIT_TIME_QUEUE,2
ALL,Access & Capacity,POSITIVE,2026-01,LAS,WAIT_TIME_QUEUE | RESERVATION_SYSTEM,1
ALL,Access & Capacity,POSITIVE,2026-01,LAX,CROWDING,1
ALL,Access & Capacity,POSITIVE,2026-01,LGA,WAIT_TIME_QUEUE,1
ALL,Access & Capacity,POSITIVE,2026-01,SEA,WAIT_TIME_QUEUE,1
ALL,Access & Capacity,POSITIVE,2026-01,SLC,SEATING_AVAILABILITY,1
ALL,Access & Capacity,POSITIVE,2026-02,,ACCESS_EXPERIENCE,4
ALL,Access & Capacity,POSITIVE,2026-02,,CROWDING | WAIT_TIME_QUEUE | ACCESS_EXPERIENCE | RESERVATION_SYSTEM,1
ALL,Access & Capacity,POSITIVE,2026-02,,RESERVATION_SYSTEM,1
ALL,Access & Capacity,POSITIVE,2026-02,,WAIT_TIME_QUEUE,2
ALL,Access & Capacity,POSITIVE,2026-02,HND,ACCESS_EXPERIENCE,1
ALL,Access & Capacity,POSITIVE,2026-02,LAX,CROWDING | WAIT_TIME_QUEUE,1
ALL,Access & Capacity,POSITIVE,2026-02,PHX,WAIT_TIME_QUEUE | SEATING_AVAILABILITY | RESERVATION_SYSTEM,1
ALL,Access & Capacity,POSITIVE,2026-03,,ACCESS_EXPERIENCE,1
ALL,Access & Capacity,POSITIVE,2026-03,,CROWDING,1
ALL,Access & Capacity,POSITIVE,2026-03,,WAIT_TIME_QUEUE,1
ALL,Access & Capacity,POSITIVE,2026-03,ATL,ACCESS_EXPERIENCE,1
ALL,Access & Capacity,POSITIVE,2026-03,JFK,CROWDING | ACCESS_EXPERIENCE,1
ALL,Access & Capacity,POSITIVE,2026-03,LAS,CROWDING | SEATING_AVAILABILITY,1
ALL,Access & Capacity,POSITIVE,2026-03,LAS,WAIT_TIME_QUEUE | SEATING_AVAILABILITY,1
ALL,Access & Capacity,POSITIVE,2026-03,LGA,WAIT_TIME_QUEUE,1
ALL,Access & Capacity,POSITIVE,2026-03,PHL,CROWDING,1
ALL,Access & Capacity,POSITIVE,2026-04,,ACCESS_EXPERIENCE,1
ALL,Access & Capacity,POSITIVE,2026-04,,CROWDING,3
ALL,Access & Capacity,POSITIVE,2026-04,,CROWDING | ACCESS_EXPERIENCE,1
ALL,Access & Capacity,POSITIVE,2026-04,,CROWDING | SEATING_AVAILABILITY,1
ALL,Access & Capacity,POSITIVE,2026-04,,WAIT_TIME_QUEUE,2
ALL,Access & Capacity,POSITIVE,2026-04,,WAIT_TIME_QUEUE | SEATING_AVAILABILITY,1
ALL,Access & Capacity,POSITIVE,2026-04,DCA,CROWDING | WAIT_TIME_QUEUE,1
ALL,Access & Capacity,POSITIVE,2026-04,DEN,ACCESS_EXPERIENCE,1
ALL,Access & Capacity,POSITIVE,2026-04,LAS,WAIT_TIME_QUEUE,2
ALL,Access & Capacity,POSITIVE,2026-04,LGA,CROWDING | RESERVATION_SYSTEM,1
ALL,Access & Capacity,POSITIVE,2026-04,LGA,CROWDING | SEATING_AVAILABILITY,1
ALL,Access & Capacity,POSITIVE,2026-04,LGA,SEATING_AVAILABILITY,1
ALL,Access & Capacity,POSITIVE,2026-04,MCO,WAIT_TIME_QUEUE | RESERVATION_SYSTEM,1
ALL,Access & Capacity,POSITIVE,2026-04,MULTIPLE,WAIT_TIME_QUEUE,1
ALL,Access & Capacity,POSITIVE,2026-04,PHL,WAIT_TIME_QUEUE,2
ALL,Access & Capacity,POSITIVE,2026-04,PHX,WAIT_TIME_QUEUE | ACCESS_EXPERIENCE,1
ALL,Access & Capacity,POSITIVE,2026-04,SAN,WAIT_TIME_QUEUE,1
ALL,Access & Capacity,POSITIVE,2026-04,SEA,WAIT_TIME_QUEUE,1
ALL,Access & Capacity,POSITIVE,2026-04,SLC,WAIT_TIME_QUEUE,2
ALL,Access & Capacity,POSITIVE,2026-05,,CROWDING,2
ALL,Access & Capacity,POSITIVE,2026-05,,WAIT_TIME_QUEUE | SEATING_AVAILABILITY,1
ALL,Access & Capacity,POSITIVE,2026-05,IAD,WAIT_TIME_QUEUE,1
ALL,Access & Capacity,POSITIVE,2026-05,LAS,ACCESS_EXPERIENCE | RESERVATION_SYSTEM,1
ALL,Access & Capacity,POSITIVE,2026-05,LGA,WAIT_TIME_QUEUE | RESERVATION_SYSTEM,1
ALL,Access & Capacity,POSITIVE,2026-05,MSP,CROWDING,1
ALL,Access & Capacity,POSITIVE,2026-06,,ACCESS_EXPERIENCE,6
ALL,Access & Capacity,POSITIVE,2026-06,,CROWDING,2
ALL,Access & Capacity,POSITIVE,2026-06,,CROWDING | WAIT_TIME_QUEUE,1
ALL,Access & Capacity,POSITIVE,2026-06,,CROWDING | WAIT_TIME_QUEUE | RESERVATION_SYSTEM,1
ALL,Access & Capacity,POSITIVE,2026-06,,WAIT_TIME_QUEUE,4
ALL,Access & Capacity,POSITIVE,2026-06,,WAIT_TIME_QUEUE | ACCESS_EXPERIENCE,1
ALL,Access & Capacity,POSITIVE,2026-06,,WAIT_TIME_QUEUE | RESERVATION_SYSTEM,1
ALL,Access & Capacity,POSITIVE,2026-06,CLT,SEATING_AVAILABILITY,1
ALL,Access & Capacity,POSITIVE,2026-06,DCA,ACCESS_EXPERIENCE,1
ALL,Access & Capacity,POSITIVE,2026-06,IAH,WAIT_TIME_QUEUE | RESERVATION_SYSTEM,1
ALL,Access & Capacity,POSITIVE,2026-06,JFK,WAIT_TIME_QUEUE,1
ALL,Access & Capacity,POSITIVE,2026-06,LGA,CROWDING,1
ALL,Access & Capacity,POSITIVE,2026-06,SAN,WAIT_TIME_QUEUE | ACCESS_EXPERIENCE,1
ALL,Access & Capacity,POSITIVE,2026-06,SEA,CROWDING | WAIT_TIME_QUEUE | SEATING_AVAILABILITY | ACCESS_EXPERIENCE,1
ALL,Access & Capacity,POSITIVE,2026-06,SFO,ACCESS_EXPERIENCE,1
ALL,Access & Capacity,POSITIVE,2026-07,,ACCESS_EXPERIENCE,2
ALL,Access & Capacity,POSITIVE,2026-07,,CROWDING | RESERVATION_SYSTEM,1
ALL,Access & Capacity,POSITIVE,2026-07,,CROWDING | WAIT_TIME_QUEUE,1
ALL,Access & Capacity,POSITIVE,2026-07,,RESERVATION_SYSTEM,1
ALL,Access & Capacity,POSITIVE,2026-07,BOS,ACCESS_EXPERIENCE,1
ALL,Access & Capacity,POSITIVE,2026-07,DFW,SEATING_AVAILABILITY,1
ALL,Access & Capacity,POSITIVE,2026-07,LGA,WAIT_TIME_QUEUE,1
ALL,Access & Capacity,POSITIVE,2026-07,PHL,CROWDING,1
ALL,Access & Capacity,POSITIVE,2026-07,PHX,WAIT_TIME_QUEUE,1
ALL,Access & Capacity,POSITIVE,2026-07,SAN,WAIT_TIME_QUEUE,1
ALL,Access & Capacity,POSITIVE,2026-08,,CROWDING,3
ALL,Access & Capacity,POSITIVE,2026-08,,WAIT_TIME_QUEUE,2
ALL,Access & Capacity,POSITIVE,2026-08,,WAIT_TIME_QUEUE | SEATING_AVAILABILITY,1
ALL,Access & Capacity,POSITIVE,2026-08,LGA,CROWDING | RESERVATION_SYSTEM,1
ALL,Access & Capacity,POSITIVE,2026-08,LGA,CROWDING | WAIT_TIME_QUEUE,1
ALL,Access & Capacity,POSITIVE,2026-08,LGA,WAIT_TIME_QUEUE,1
ALL,Access & Capacity,POSITIVE,2026-08,MIA,WAIT_TIME_QUEUE | RESERVATION_SYSTEM,1
ALL,Access & Capacity,POSITIVE,2026-08,MULTIPLE,WAIT_TIME_QUEUE,1
ALL,Food & Beverage,MIXED_NEUTRAL,2026-01,,BEVERAGE_BAR,1
ALL,Food & Beverage,MIXED_NEUTRAL,2026-01,,FOOD_QUALITY,3
ALL,Food & Beverage,MIXED_NEUTRAL,2026-01,,FOOD_QUALITY | BEVERAGE_BAR,1
ALL,Food & Beverage,MIXED_NEUTRAL,2026-01,DFW,FOOD_QUALITY,1
ALL,Food & Beverage,MIXED_NEUTRAL,2026-01,JFK,FOOD_QUALITY,1
ALL,Food & Beverage,MIXED_NEUTRAL,2026-01,MULTIPLE,FOOD_QUALITY,1
ALL,Food & Beverage,MIXED_NEUTRAL,2026-01,SEA,FOOD_QUALITY,1
ALL,Food & Beverage,MIXED_NEUTRAL,2026-01,SEA,FOOD_QUALITY | FOOD_AVAILABILITY,1
ALL,Food & Beverage,MIXED_NEUTRAL,2026-02,,FOOD_QUALITY | FOOD_AVAILABILITY | BEVERAGE_BAR,1
ALL,Food & Beverage,MIXED_NEUTRAL,2026-03,,FOOD_QUALITY | FOOD_AVAILABILITY,1
ALL,Food & Beverage,MIXED_NEUTRAL,2026-03,JFK,BEVERAGE_BAR,1
ALL,Food & Beverage,MIXED_NEUTRAL,2026-03,LAS,FOOD_QUALITY | FOOD_AVAILABILITY | BEVERAGE_BAR,1
ALL,Food & Beverage,MIXED_NEUTRAL,2026-03,MULTIPLE,FOOD_QUALITY,1
ALL,Food & Beverage,MIXED_NEUTRAL,2026-04,,BEVERAGE_BAR,1
ALL,Food & Beverage,MIXED_NEUTRAL,2026-04,,FOOD_QUALITY,4
ALL,Food & Beverage,MIXED_NEUTRAL,2026-04,,FOOD_QUALITY | BEVERAGE_BAR,1
ALL,Food & Beverage,MIXED_NEUTRAL,2026-04,DFW,BEVERAGE_BAR,1
ALL,Food & Beverage,MIXED_NEUTRAL,2026-04,DFW,FOOD_QUALITY,1
ALL,Food & Beverage,MIXED_NEUTRAL,2026-04,DFW,FOOD_QUALITY | BEVERAGE_BAR,1
ALL,Food & Beverage,MIXED_NEUTRAL,2026-04,DFW,FOOD_QUALITY | FOOD_AVAILABILITY,1
ALL,Food & Beverage,MIXED_NEUTRAL,2026-04,DFW,FOOD_QUALITY | FOOD_AVAILABILITY | BEVERAGE_BAR,1
ALL,Food & Beverage,MIXED_NEUTRAL,2026-04,JFK,FOOD_QUALITY | FOOD_AVAILABILITY | BEVERAGE_BAR,1
ALL,Food & Beverage,MIXED_NEUTRAL,2026-04,LAS,FOOD_QUALITY | BEVERAGE_BAR,1
ALL,Food & Beverage,MIXED_NEUTRAL,2026-04,MULTIPLE,FOOD_QUALITY,2
ALL,Food & Beverage,MIXED_NEUTRAL,2026-05,,FOOD_QUALITY | BEVERAGE_BAR,1
ALL,Food & Beverage,MIXED_NEUTRAL,2026-05,IAD,FOOD_QUALITY,1
ALL,Food & Beverage,MIXED_NEUTRAL,2026-05,JFK,FOOD_QUALITY | FOOD_AVAILABILITY | BEVERAGE_BAR,1
ALL,Food & Beverage,MIXED_NEUTRAL,2026-05,MULTIPLE,FOOD_QUALITY,1
ALL,Food & Beverage,MIXED_NEUTRAL,2026-06,,FOOD_QUALITY,2
ALL,Food & Beverage,MIXED_NEUTRAL,2026-06,,FOOD_QUALITY | FOOD_AVAILABILITY | BEVERAGE_BAR,1
ALL,Food & Beverage,MIXED_NEUTRAL,2026-06,ATL,FOOD_QUALITY,1
ALL,Food & Beverage,MIXED_NEUTRAL,2026-06,DCA,FOOD_QUALITY,2
ALL,Food & Beverage,MIXED_NEUTRAL,2026-06,LGA,FOOD_QUALITY | FOOD_AVAILABILITY | BEVERAGE_BAR,1
ALL,Food & Beverage,MIXED_NEUTRAL,2026-07,,FOOD_QUALITY,1
ALL,Food & Beverage,MIXED_NEUTRAL,2026-07,,FOOD_QUALITY | BEVERAGE_BAR,1
ALL,Food & Beverage,MIXED_NEUTRAL,2026-07,,FOOD_QUALITY | FOOD_AVAILABILITY,1
ALL,Food & Beverage,MIXED_NEUTRAL,2026-07,LAS,FOOD_QUALITY | BEVERAGE_BAR,1
ALL,Food & Beverage,MIXED_NEUTRAL,2026-07,PHL,FOOD_QUALITY,1
ALL,Food & Beverage,MIXED_NEUTRAL,2026-07,PHL,FOOD_QUALITY | BEVERAGE_BAR,1
ALL,Food & Beverage,MIXED_NEUTRAL,2026-08,,FOOD_QUALITY | BEVERAGE_BAR,2
ALL,Food & Beverage,MIXED_NEUTRAL,2026-08,CLT,FOOD_QUALITY | BEVERAGE_BAR,1
ALL,Food & Beverage,MIXED_NEUTRAL,2026-08,IAD,FOOD_QUALITY | FOOD_AVAILABILITY | BEVERAGE_BAR,1
ALL,Food & Beverage,MIXED_NEUTRAL,2026-08,LAX,FOOD_QUALITY | BEVERAGE_BAR,1
ALL,Food & Beverage,NEGATIVE,2026-01,,FOOD_AVAILABILITY,3
ALL,Food & Beverage,NEGATIVE,2026-01,,FOOD_QUALITY,5
ALL,Food & Beverage,NEGATIVE,2026-01,,FOOD_QUALITY | BEVERAGE_BAR,3
ALL,Food & Beverage,NEGATIVE,2026-01,,FOOD_QUALITY | FOOD_AVAILABILITY,1
ALL,Food & Beverage,NEGATIVE,2026-01,ATL,FOOD_QUALITY,1
ALL,Food & Beverage,NEGATIVE,2026-01,DFW,FOOD_QUALITY | FOOD_AVAILABILITY,1
ALL,Food & Beverage,NEGATIVE,2026-01,LAS,FOOD_QUALITY | BEVERAGE_BAR,1
ALL,Food & Beverage,NEGATIVE,2026-01,LAX,FOOD_QUALITY,3
ALL,Food & Beverage,NEGATIVE,2026-01,PHX,FOOD_QUALITY,1
ALL,Food & Beverage,NEGATIVE,2026-01,SEA,BEVERAGE_BAR,1
ALL,Food & Beverage,NEGATIVE,2026-01,SLC,FOOD_QUALITY,1
ALL,Food & Beverage,NEGATIVE,2026-02,,BEVERAGE_BAR,1
ALL,Food & Beverage,NEGATIVE,2026-02,,FOOD_QUALITY,3
ALL,Food & Beverage,NEGATIVE,2026-02,ATL,FOOD_QUALITY,1
ALL,Food & Beverage,NEGATIVE,2026-02,BOS,FOOD_QUALITY,1
ALL,Food & Beverage,NEGATIVE,2026-02,CLT,FOOD_QUALITY,1
ALL,Food & Beverage,NEGATIVE,2026-02,DFW,FOOD_AVAILABILITY,2
ALL,Food & Beverage,NEGATIVE,2026-02,DFW,FOOD_QUALITY,1
ALL,Food & Beverage,NEGATIVE,2026-02,JFK,FOOD_AVAILABILITY,1
ALL,Food & Beverage,NEGATIVE,2026-02,PHL,FOOD_QUALITY,1
ALL,Food & Beverage,NEGATIVE,2026-02,PHX,FOOD_AVAILABILITY,1
ALL,Food & Beverage,NEGATIVE,2026-02,PHX,FOOD_QUALITY | BEVERAGE_BAR,1
ALL,Food & Beverage,NEGATIVE,2026-03,,BEVERAGE_BAR,2
ALL,Food & Beverage,NEGATIVE,2026-03,,FOOD_QUALITY,1
ALL,Food & Beverage,NEGATIVE,2026-03,BOS,FOOD_AVAILABILITY,1
ALL,Food & Beverage,NEGATIVE,2026-03,LGA,FOOD_AVAILABILITY,1
ALL,Food & Beverage,NEGATIVE,2026-03,SAN,BEVERAGE_BAR,1
ALL,Food & Beverage,NEGATIVE,2026-04,,FOOD_AVAILABILITY,1
ALL,Food & Beverage,NEGATIVE,2026-04,,FOOD_QUALITY,2
ALL,Food & Beverage,NEGATIVE,2026-04,,FOOD_QUALITY | BEVERAGE_BAR,1
ALL,Food & Beverage,NEGATIVE,2026-04,DEN,FOOD_QUALITY,1
ALL,Food & Beverage,NEGATIVE,2026-04,LAX,BEVERAGE_BAR,1
ALL,Food & Beverage,NEGATIVE,2026-04,MCO,BEVERAGE_BAR,1
ALL,Food & Beverage,NEGATIVE,2026-04,SAN,FOOD_QUALITY | FOOD_AVAILABILITY,1
ALL,Food & Beverage,NEGATIVE,2026-05,,FOOD_QUALITY,3
ALL,Food & Beverage,NEGATIVE,2026-05,DFW,FOOD_QUALITY,1
ALL,Food & Beverage,NEGATIVE,2026-05,JFK,FOOD_QUALITY,1
ALL,Food & Beverage,NEGATIVE,2026-05,LGA,FOOD_AVAILABILITY,1
ALL,Food & Beverage,NEGATIVE,2026-05,LGA,FOOD_QUALITY,2
ALL,Food & Beverage,NEGATIVE,2026-06,,FOOD_QUALITY,1
ALL,Food & Beverage,NEGATIVE,2026-06,,FOOD_QUALITY | BEVERAGE_BAR,1
ALL,Food & Beverage,NEGATIVE,2026-06,IAD,BEVERAGE_BAR,1
ALL,Food & Beverage,NEGATIVE,2026-06,LAS,FOOD_QUALITY,1
ALL,Food & Beverage,NEGATIVE,2026-06,PDX,FOOD_AVAILABILITY,2
ALL,Food & Beverage,NEGATIVE,2026-07,,BEVERAGE_BAR,1
ALL,Food & Beverage,NEGATIVE,2026-07,,FOOD_AVAILABILITY | BEVERAGE_BAR,1
ALL,Food & Beverage,NEGATIVE,2026-07,,FOOD_QUALITY,2
ALL,Food & Beverage,NEGATIVE,2026-07,,FOOD_QUALITY | BEVERAGE_BAR,1
ALL,Food & Beverage,NEGATIVE,2026-07,ATL,FOOD_QUALITY | BEVERAGE_BAR,1
ALL,Food & Beverage,NEGATIVE,2026-07,DFW,BEVERAGE_BAR,1
ALL,Food & Beverage,NEGATIVE,2026-07,JFK,FOOD_QUALITY,1
ALL,Food & Beverage,NEGATIVE,2026-07,LGA,FOOD_AVAILABILITY,1
ALL,Food & Beverage,NEGATIVE,2026-08,,BEVERAGE_BAR,1
ALL,Food & Beverage,NEGATIVE,2026-08,,FOOD_QUALITY,5
ALL,Food & Beverage,NEGATIVE,2026-08,,FOOD_QUALITY | FOOD_AVAILABILITY,1
ALL,Food & Beverage,NEGATIVE,2026-08,IAD,FOOD_QUALITY | FOOD_AVAILABILITY,1
ALL,Food & Beverage,NEGATIVE,2026-08,JFK,FOOD_AVAILABILITY,1
ALL,Food & Beverage,NEGATIVE,2026-08,MCO,FOOD_QUALITY,1
ALL,Food & Beverage,NEGATIVE,2026-08,PHL,FOOD_QUALITY | FOOD_AVAILABILITY,1
ALL,Food & Beverage,POSITIVE,2026-01,,BEVERAGE_BAR,2
ALL,Food & Beverage,POSITIVE,2026-01,,FOOD_AVAILABILITY,1
ALL,Food & Beverage,POSITIVE,2026-01,,FOOD_AVAILABILITY | BEVERAGE_BAR,1
ALL,Food & Beverage,POSITIVE,2026-01,,FOOD_QUALITY,13
ALL,Food & Beverage,POSITIVE,2026-01,,FOOD_QUALITY | BEVERAGE_BAR,1
ALL,Food & Beverage,POSITIVE,2026-01,BOS,FOOD_QUALITY | BEVERAGE_BAR,1
ALL,Food & Beverage,POSITIVE,2026-01,DCA,BEVERAGE_BAR,1
ALL,Food & Beverage,POSITIVE,2026-01,JFK,FOOD_QUALITY | FOOD_AVAILABILITY,1
ALL,Food & Beverage,POSITIVE,2026-01,LAS,FOOD_QUALITY,1
ALL,Food & Beverage,POSITIVE,2026-01,LAX,FOOD_QUALITY | BEVERAGE_BAR,1
ALL,Food & Beverage,POSITIVE,2026-01,LGA,FOOD_QUALITY,2
ALL,Food & Beverage,POSITIVE,2026-01,PHX,FOOD_QUALITY,3
ALL,Food & Beverage,POSITIVE,2026-01,SEA,FOOD_QUALITY | BEVERAGE_BAR,1
ALL,Food & Beverage,POSITIVE,2026-01,SLC,FOOD_QUALITY,1
ALL,Food & Beverage,POSITIVE,2026-02,,BEVERAGE_BAR,3
ALL,Food & Beverage,POSITIVE,2026-02,,FOOD_AVAILABILITY,1
ALL,Food & Beverage,POSITIVE,2026-02,,FOOD_QUALITY,5
ALL,Food & Beverage,POSITIVE,2026-02,,FOOD_QUALITY | BEVERAGE_BAR,4
ALL,Food & Beverage,POSITIVE,2026-02,ATL,BEVERAGE_BAR,1
ALL,Food & Beverage,POSITIVE,2026-02,DCA,FOOD_QUALITY | BEVERAGE_BAR,1
ALL,Food & Beverage,POSITIVE,2026-02,IAD,FOOD_QUALITY,1
ALL,Food & Beverage,POSITIVE,2026-02,LAX,FOOD_QUALITY,1
ALL,Food & Beverage,POSITIVE,2026-02,LAX,FOOD_QUALITY | BEVERAGE_BAR,1
ALL,Food & Beverage,POSITIVE,2026-02,MULTIPLE,FOOD_QUALITY | BEVERAGE_BAR,1
ALL,Food & Beverage,POSITIVE,2026-02,PHX,BEVERAGE_BAR,1
ALL,Food & Beverage,POSITIVE,2026-02,PHX,FOOD_QUALITY | BEVERAGE_BAR,2
ALL,Food & Beverage,POSITIVE,2026-02,SEA,FOOD_QUALITY | BEVERAGE_BAR,1
ALL,Food & Beverage,POSITIVE,2026-03,,BEVERAGE_BAR,1
ALL,Food & Beverage,POSITIVE,2026-03,,FOOD_QUALITY,6
ALL,Food & Beverage,POSITIVE,2026-03,,FOOD_QUALITY | BEVERAGE_BAR,1
ALL,Food & Beverage,POSITIVE,2026-03,BOS,FOOD_AVAILABILITY | BEVERAGE_BAR,1
ALL,Food & Beverage,POSITIVE,2026-03,CLT,FOOD_QUALITY | BEVERAGE_BAR,1
ALL,Food & Beverage,POSITIVE,2026-03,Hong Kong,FOOD_QUALITY | BEVERAGE_BAR,1
ALL,Food & Beverage,POSITIVE,2026-03,JFK,FOOD_QUALITY,2
ALL,Food & Beverage,POSITIVE,2026-03,LAS,FOOD_QUALITY,1
ALL,Food & Beverage,POSITIVE,2026-03,LGA,FOOD_AVAILABILITY | BEVERAGE_BAR,1
ALL,Food & Beverage,POSITIVE,2026-03,LGA,FOOD_QUALITY,1
ALL,Food & Beverage,POSITIVE,2026-03,SAN,FOOD_QUALITY,1
ALL,Food & Beverage,POSITIVE,2026-03,SLC,FOOD_QUALITY,1
ALL,Food & Beverage,POSITIVE,2026-04,,BEVERAGE_BAR,1
ALL,Food & Beverage,POSITIVE,2026-04,,FOOD_AVAILABILITY | BEVERAGE_BAR,1
ALL,Food & Beverage,POSITIVE,2026-04,,FOOD_QUALITY,10
ALL,Food & Beverage,POSITIVE,2026-04,,FOOD_QUALITY | BEVERAGE_BAR,2
ALL,Food & Beverage,POSITIVE,2026-04,JFK,FOOD_QUALITY,1
ALL,Food & Beverage,POSITIVE,2026-04,LAS,FOOD_AVAILABILITY,1
ALL,Food & Beverage,POSITIVE,2026-04,LAS,FOOD_QUALITY,1
ALL,Food & Beverage,POSITIVE,2026-04,LGA,FOOD_QUALITY,1
ALL,Food & Beverage,POSITIVE,2026-04,LGA,FOOD_QUALITY | BEVERAGE_BAR,2
ALL,Food & Beverage,POSITIVE,2026-04,MULTIPLE,FOOD_QUALITY,1
ALL,Food & Beverage,POSITIVE,2026-04,PHL,FOOD_QUALITY,1
ALL,Food & Beverage,POSITIVE,2026-04,SAN,FOOD_QUALITY,1
ALL,Food & Beverage,POSITIVE,2026-04,SLC,BEVERAGE_BAR,2
ALL,Food & Beverage,POSITIVE,2026-05,,BEVERAGE_BAR,1
ALL,Food & Beverage,POSITIVE,2026-05,,FOOD_AVAILABILITY | BEVERAGE_BAR,1
ALL,Food & Beverage,POSITIVE,2026-05,,FOOD_QUALITY,2
ALL,Food & Beverage,POSITIVE,2026-05,,FOOD_QUALITY | FOOD_AVAILABILITY,2
ALL,Food & Beverage,POSITIVE,2026-05,LGA,FOOD_AVAILABILITY | BEVERAGE_BAR,1
ALL,Food & Beverage,POSITIVE,2026-05,LGA,FOOD_QUALITY,2
ALL,Food & Beverage,POSITIVE,2026-05,LGA,FOOD_QUALITY | BEVERAGE_BAR,1
ALL,Food & Beverage,POSITIVE,2026-05,SEA,BEVERAGE_BAR,1
ALL,Food & Beverage,POSITIVE,2026-06,,BEVERAGE_BAR,1
ALL,Food & Beverage,POSITIVE,2026-06,,FOOD_QUALITY,10
ALL,Food & Beverage,POSITIVE,2026-06,,FOOD_QUALITY | BEVERAGE_BAR,3
ALL,Food & Beverage,POSITIVE,2026-06,,FOOD_QUALITY | FOOD_AVAILABILITY,1
ALL,Food & Beverage,POSITIVE,2026-06,ATL,FOOD_QUALITY | BEVERAGE_BAR,2
ALL,Food & Beverage,POSITIVE,2026-06,CLT,FOOD_QUALITY,1
ALL,Food & Beverage,POSITIVE,2026-06,DCA,FOOD_QUALITY,1
ALL,Food & Beverage,POSITIVE,2026-06,DCA,FOOD_QUALITY | BEVERAGE_BAR,1
ALL,Food & Beverage,POSITIVE,2026-06,IAD,FOOD_QUALITY | FOOD_AVAILABILITY | BEVERAGE_BAR,1
ALL,Food & Beverage,POSITIVE,2026-06,JFK,FOOD_AVAILABILITY,2
ALL,Food & Beverage,POSITIVE,2026-06,LAS,FOOD_QUALITY | BEVERAGE_BAR,2
ALL,Food & Beverage,POSITIVE,2026-06,LGA,FOOD_QUALITY | BEVERAGE_BAR,1
ALL,Food & Beverage,POSITIVE,2026-06,LHR,FOOD_AVAILABILITY,1
ALL,Food & Beverage,POSITIVE,2026-06,LHR,FOOD_QUALITY | BEVERAGE_BAR,1
ALL,Food & Beverage,POSITIVE,2026-06,MULTIPLE,FOOD_QUALITY | FOOD_AVAILABILITY,1
ALL,Food & Beverage,POSITIVE,2026-06,SEA,FOOD_QUALITY,1
ALL,Food & Beverage,POSITIVE,2026-06,SFO,FOOD_QUALITY,1
ALL,Food & Beverage,POSITIVE,2026-06,SLC,FOOD_QUALITY,1
ALL,Food & Beverage,POSITIVE,2026-06,SLC,FOOD_QUALITY | BEVERAGE_BAR,1
ALL,Food & Beverage,POSITIVE,2026-07,,BEVERAGE_BAR,1
ALL,Food & Beverage,POSITIVE,2026-07,,FOOD_AVAILABILITY,1
ALL,Food & Beverage,POSITIVE,2026-07,,FOOD_QUALITY,8
ALL,Food & Beverage,POSITIVE,2026-07,,FOOD_QUALITY | BEVERAGE_BAR,2
ALL,Food & Beverage,POSITIVE,2026-07,ATL,FOOD_AVAILABILITY,1
ALL,Food & Beverage,POSITIVE,2026-07,ATL,FOOD_QUALITY | BEVERAGE_BAR,1
ALL,Food & Beverage,POSITIVE,2026-07,DCA,FOOD_QUALITY,1
ALL,Food & Beverage,POSITIVE,2026-07,DCA,FOOD_QUALITY | BEVERAGE_BAR,1
ALL,Food & Beverage,POSITIVE,2026-07,HKG,FOOD_QUALITY,1
ALL,Food & Beverage,POSITIVE,2026-07,JFK,BEVERAGE_BAR,1
ALL,Food & Beverage,POSITIVE,2026-07,JFK,FOOD_QUALITY,2
ALL,Food & Beverage,POSITIVE,2026-07,LAS,FOOD_QUALITY | BEVERAGE_BAR,1
ALL,Food & Beverage,POSITIVE,2026-07,MULTIPLE,FOOD_QUALITY | BEVERAGE_BAR,1
ALL,Food & Beverage,POSITIVE,2026-07,PHX,FOOD_QUALITY | BEVERAGE_BAR,1
ALL,Food & Beverage,POSITIVE,2026-08,,FOOD_AVAILABILITY,1
ALL,Food & Beverage,POSITIVE,2026-08,,FOOD_QUALITY,3
ALL,Food & Beverage,POSITIVE,2026-08,,FOOD_QUALITY | BEVERAGE_BAR,1
ALL,Food & Beverage,POSITIVE,2026-08,,FOOD_QUALITY | FOOD_AVAILABILITY | BEVERAGE_BAR,1
ALL,Food & Beverage,POSITIVE,2026-08,DCA,FOOD_QUALITY | BEVERAGE_BAR,1
ALL,Food & Beverage,POSITIVE,2026-08,DFW,FOOD_QUALITY,1
ALL,Food & Beverage,POSITIVE,2026-08,HKG,FOOD_AVAILABILITY,1
ALL,Food & Beverage,POSITIVE,2026-08,IAD,BEVERAGE_BAR,1
ALL,Food & Beverage,POSITIVE,2026-08,JFK,FOOD_QUALITY,1
ALL,Food & Beverage,POSITIVE,2026-08,LAS,FOOD_QUALITY,1
ALL,Food & Beverage,POSITIVE,2026-08,LGA,FOOD_QUALITY | BEVERAGE_BAR,2
ALL,Food & Beverage,POSITIVE,2026-08,MULTIPLE,FOOD_QUALITY | BEVERAGE_BAR,1
ALL,Food & Beverage,POSITIVE,2026-08,YVR,FOOD_AVAILABILITY,1
ALL,General Lounge Experience,MIXED_NEUTRAL,2026-01,,OVERALL_EXPERIENCE,6
ALL,General Lounge Experience,MIXED_NEUTRAL,2026-01,ATL,OVERALL_EXPERIENCE,1
ALL,General Lounge Experience,MIXED_NEUTRAL,2026-01,DFW,OVERALL_EXPERIENCE,1
ALL,General Lounge Experience,MIXED_NEUTRAL,2026-01,LAX,OVERALL_EXPERIENCE,3
ALL,General Lounge Experience,MIXED_NEUTRAL,2026-01,MULTIPLE,OVERALL_EXPERIENCE,1
ALL,General Lounge Experience,MIXED_NEUTRAL,2026-01,PHX,OVERALL_EXPERIENCE,1
ALL,General Lounge Experience,MIXED_NEUTRAL,2026-02,,OVERALL_EXPERIENCE,3
ALL,General Lounge Experience,MIXED_NEUTRAL,2026-02,ATL,OVERALL_EXPERIENCE,4
ALL,General Lounge Experience,MIXED_NEUTRAL,2026-02,JFK,OVERALL_EXPERIENCE,1
ALL,General Lounge Experience,MIXED_NEUTRAL,2026-02,LAX,OVERALL_EXPERIENCE,1
ALL,General Lounge Experience,MIXED_NEUTRAL,2026-02,MULTIPLE,OVERALL_EXPERIENCE,5
ALL,General Lounge Experience,MIXED_NEUTRAL,2026-02,PHX,OVERALL_EXPERIENCE,3
ALL,General Lounge Experience,MIXED_NEUTRAL,2026-03,,OVERALL_EXPERIENCE,2
ALL,General Lounge Experience,MIXED_NEUTRAL,2026-03,BOS,OVERALL_EXPERIENCE,1
ALL,General Lounge Experience,MIXED_NEUTRAL,2026-03,DCA,OVERALL_EXPERIENCE,1
ALL,General Lounge Experience,MIXED_NEUTRAL,2026-03,JFK,OVERALL_EXPERIENCE,1
ALL,General Lounge Experience,MIXED_NEUTRAL,2026-04,,OVERALL_EXPERIENCE,3
ALL,General Lounge Experience,MIXED_NEUTRAL,2026-04,ATL,OVERALL_EXPERIENCE,1
ALL,General Lounge Experience,MIXED_NEUTRAL,2026-04,DFW,OVERALL_EXPERIENCE,1
ALL,General Lounge Experience,MIXED_NEUTRAL,2026-04,JFK,OVERALL_EXPERIENCE,3
ALL,General Lounge Experience,MIXED_NEUTRAL,2026-04,LAX,OVERALL_EXPERIENCE,1
ALL,General Lounge Experience,MIXED_NEUTRAL,2026-04,LGA,OVERALL_EXPERIENCE,1
ALL,General Lounge Experience,MIXED_NEUTRAL,2026-04,MULTIPLE,OVERALL_EXPERIENCE,1
ALL,General Lounge Experience,MIXED_NEUTRAL,2026-04,PHL,OVERALL_EXPERIENCE,1
ALL,General Lounge Experience,MIXED_NEUTRAL,2026-05,,OVERALL_EXPERIENCE,4
ALL,General Lounge Experience,MIXED_NEUTRAL,2026-05,DFW,OVERALL_EXPERIENCE,1
ALL,General Lounge Experience,MIXED_NEUTRAL,2026-05,LGA,OVERALL_EXPERIENCE,2
ALL,General Lounge Experience,MIXED_NEUTRAL,2026-05,MULTIPLE,OVERALL_EXPERIENCE,2
ALL,General Lounge Experience,MIXED_NEUTRAL,2026-06,,OVERALL_EXPERIENCE,7
ALL,General Lounge Experience,MIXED_NEUTRAL,2026-06,CLT,OVERALL_EXPERIENCE,1
ALL,General Lounge Experience,MIXED_NEUTRAL,2026-06,JFK,OVERALL_EXPERIENCE,2
ALL,General Lounge Experience,MIXED_NEUTRAL,2026-06,LAS,OVERALL_EXPERIENCE,3
ALL,General Lounge Experience,MIXED_NEUTRAL,2026-06,LGA,OVERALL_EXPERIENCE,2
ALL,General Lounge Experience,MIXED_NEUTRAL,2026-06,LHR,OVERALL_EXPERIENCE,1
ALL,General Lounge Experience,MIXED_NEUTRAL,2026-06,MULTIPLE,OVERALL_EXPERIENCE,3
ALL,General Lounge Experience,MIXED_NEUTRAL,2026-06,SAN,OVERALL_EXPERIENCE,1
ALL,General Lounge Experience,MIXED_NEUTRAL,2026-06,SFO,OVERALL_EXPERIENCE,1
ALL,General Lounge Experience,MIXED_NEUTRAL,2026-07,,OVERALL_EXPERIENCE,10
ALL,General Lounge Experience,MIXED_NEUTRAL,2026-07,ATL,OVERALL_EXPERIENCE,1
ALL,General Lounge Experience,MIXED_NEUTRAL,2026-07,JFK,OVERALL_EXPERIENCE,3
ALL,General Lounge Experience,MIXED_NEUTRAL,2026-07,LGA,OVERALL_EXPERIENCE,1
ALL,General Lounge Experience,MIXED_NEUTRAL,2026-07,MULTIPLE,OVERALL_EXPERIENCE,2
ALL,General Lounge Experience,MIXED_NEUTRAL,2026-07,PHL,OVERALL_EXPERIENCE,1
ALL,General Lounge Experience,MIXED_NEUTRAL,2026-08,,OVERALL_EXPERIENCE,11
ALL,General Lounge Experience,MIXED_NEUTRAL,2026-08,DFW,OVERALL_EXPERIENCE,1
ALL,General Lounge Experience,MIXED_NEUTRAL,2026-08,IAD,OVERALL_EXPERIENCE,1
ALL,General Lounge Experience,MIXED_NEUTRAL,2026-08,JFK,OVERALL_EXPERIENCE,1
ALL,General Lounge Experience,MIXED_NEUTRAL,2026-08,LAS,OVERALL_EXPERIENCE,1
ALL,General Lounge Experience,MIXED_NEUTRAL,2026-08,LAX,OVERALL_EXPERIENCE,2
ALL,General Lounge Experience,NEGATIVE,2026-01,,OVERALL_EXPERIENCE,14
ALL,General Lounge Experience,NEGATIVE,2026-01,ATL,OVERALL_EXPERIENCE,1
ALL,General Lounge Experience,NEGATIVE,2026-01,DFW,OVERALL_EXPERIENCE,2
ALL,General Lounge Experience,NEGATIVE,2026-01,LAX,OVERALL_EXPERIENCE,2
ALL,General Lounge Experience,NEGATIVE,2026-01,PHX,OVERALL_EXPERIENCE,2
ALL,General Lounge Experience,NEGATIVE,2026-02,,OVERALL_EXPERIENCE,11
ALL,General Lounge Experience,NEGATIVE,2026-02,ATL,OVERALL_EXPERIENCE,1
ALL,General Lounge Experience,NEGATIVE,2026-02,BOS,OVERALL_EXPERIENCE,1
ALL,General Lounge Experience,NEGATIVE,2026-02,JFK,OVERALL_EXPERIENCE,5
ALL,General Lounge Experience,NEGATIVE,2026-02,LAX,OVERALL_EXPERIENCE,3
ALL,General Lounge Experience,NEGATIVE,2026-02,PHL,OVERALL_EXPERIENCE,2
ALL,General Lounge Experience,NEGATIVE,2026-02,PHX,OVERALL_EXPERIENCE,4
ALL,General Lounge Experience,NEGATIVE,2026-03,,OVERALL_EXPERIENCE,7
ALL,General Lounge Experience,NEGATIVE,2026-03,MSP,OVERALL_EXPERIENCE,1
ALL,General Lounge Experience,NEGATIVE,2026-03,MULTIPLE,OVERALL_EXPERIENCE,1
ALL,General Lounge Experience,NEGATIVE,2026-04,,OVERALL_EXPERIENCE,16
ALL,General Lounge Experience,NEGATIVE,2026-04,DFW,OVERALL_EXPERIENCE,1
ALL,General Lounge Experience,NEGATIVE,2026-04,JFK,OVERALL_EXPERIENCE,1
ALL,General Lounge Experience,NEGATIVE,2026-04,LAS,OVERALL_EXPERIENCE,1
ALL,General Lounge Experience,NEGATIVE,2026-04,LAX,OVERALL_EXPERIENCE,2
ALL,General Lounge Experience,NEGATIVE,2026-05,,OVERALL_EXPERIENCE,5
ALL,General Lounge Experience,NEGATIVE,2026-05,DEN,OVERALL_EXPERIENCE,1
ALL,General Lounge Experience,NEGATIVE,2026-05,DFW,OVERALL_EXPERIENCE,1
ALL,General Lounge Experience,NEGATIVE,2026-05,IAD,OVERALL_EXPERIENCE,1
ALL,General Lounge Experience,NEGATIVE,2026-05,LGA,OVERALL_EXPERIENCE,1
ALL,General Lounge Experience,NEGATIVE,2026-06,,OVERALL_EXPERIENCE,6
ALL,General Lounge Experience,NEGATIVE,2026-06,ATL,OVERALL_EXPERIENCE,1
ALL,General Lounge Experience,NEGATIVE,2026-06,CLT,OVERALL_EXPERIENCE,1
ALL,General Lounge Experience,NEGATIVE,2026-06,DEN,OVERALL_EXPERIENCE,1
ALL,General Lounge Experience,NEGATIVE,2026-06,JFK,OVERALL_EXPERIENCE,1
ALL,General Lounge Experience,NEGATIVE,2026-06,LAS,OVERALL_EXPERIENCE,1
ALL,General Lounge Experience,NEGATIVE,2026-06,LAX,OVERALL_EXPERIENCE,1
ALL,General Lounge Experience,NEGATIVE,2026-06,LHR,OVERALL_EXPERIENCE,1
ALL,General Lounge Experience,NEGATIVE,2026-06,MEX,OVERALL_EXPERIENCE,1
ALL,General Lounge Experience,NEGATIVE,2026-06,SFO,OVERALL_EXPERIENCE,1
ALL,General Lounge Experience,NEGATIVE,2026-07,,OVERALL_EXPERIENCE,16
ALL,General Lounge Experience,NEGATIVE,2026-07,BOS,OVERALL_EXPERIENCE,1
ALL,General Lounge Experience,NEGATIVE,2026-07,JFK,OVERALL_EXPERIENCE,2
ALL,General Lounge Experience,NEGATIVE,2026-07,LAS,OVERALL_EXPERIENCE,1
ALL,General Lounge Experience,NEGATIVE,2026-07,LGA,OVERALL_EXPERIENCE,1
ALL,General Lounge Experience,NEGATIVE,2026-07,MULTIPLE,OVERALL_EXPERIENCE,1
ALL,General Lounge Experience,NEGATIVE,2026-08,,OVERALL_EXPERIENCE,15
ALL,General Lounge Experience,NEGATIVE,2026-08,CLT,OVERALL_EXPERIENCE,1
ALL,General Lounge Experience,NEGATIVE,2026-08,IAD,OVERALL_EXPERIENCE,1
ALL,General Lounge Experience,NEGATIVE,2026-08,JFK,OVERALL_EXPERIENCE,2
ALL,General Lounge Experience,NEGATIVE,2026-08,LAX,OVERALL_EXPERIENCE,1
ALL,General Lounge Experience,NEGATIVE,2026-08,LGA,OVERALL_EXPERIENCE,1
ALL,General Lounge Experience,NEGATIVE,2026-08,PHL,OVERALL_EXPERIENCE,1
ALL,General Lounge Experience,NEGATIVE,2026-08,PHX,OVERALL_EXPERIENCE,1
ALL,General Lounge Experience,NEGATIVE,2026-08,SEA,OVERALL_EXPERIENCE,1
ALL,General Lounge Experience,NEGATIVE,2026-08,TPA,OVERALL_EXPERIENCE,1
ALL,General Lounge Experience,POSITIVE,2026-01,,OVERALL_EXPERIENCE,30
ALL,General Lounge Experience,POSITIVE,2026-01,ATL,OVERALL_EXPERIENCE,1
ALL,General Lounge Experience,POSITIVE,2026-01,CLT,OVERALL_EXPERIENCE,1
ALL,General Lounge Experience,POSITIVE,2026-01,HKG,OVERALL_EXPERIENCE,2
ALL,General Lounge Experience,POSITIVE,2026-01,JFK,OVERALL_EXPERIENCE,2
ALL,General Lounge Experience,POSITIVE,2026-01,LAS,OVERALL_EXPERIENCE,2
ALL,General Lounge Experience,POSITIVE,2026-01,LAX,OVERALL_EXPERIENCE,5
ALL,General Lounge Experience,POSITIVE,2026-01,LGA,OVERALL_EXPERIENCE,5
ALL,General Lounge Experience,POSITIVE,2026-01,MULTIPLE,OVERALL_EXPERIENCE,1
ALL,General Lounge Experience,POSITIVE,2026-01,PHX,OVERALL_EXPERIENCE,1
ALL,General Lounge Experience,POSITIVE,2026-01,SEA,OVERALL_EXPERIENCE,1
ALL,General Lounge Experience,POSITIVE,2026-01,SLC,OVERALL_EXPERIENCE,2
ALL,General Lounge Experience,POSITIVE,2026-02,,OVERALL_EXPERIENCE,12
ALL,General Lounge Experience,POSITIVE,2026-02,ATL,OVERALL_EXPERIENCE,2
ALL,General Lounge Experience,POSITIVE,2026-02,DCA,OVERALL_EXPERIENCE,1
ALL,General Lounge Experience,POSITIVE,2026-02,DEN,OVERALL_EXPERIENCE,1
ALL,General Lounge Experience,POSITIVE,2026-02,DFW,OVERALL_EXPERIENCE,3
ALL,General Lounge Experience,POSITIVE,2026-02,JFK,OVERALL_EXPERIENCE,3
ALL,General Lounge Experience,POSITIVE,2026-02,LAX,OVERALL_EXPERIENCE,5
ALL,General Lounge Experience,POSITIVE,2026-02,LGA,OVERALL_EXPERIENCE,1
ALL,General Lounge Experience,POSITIVE,2026-02,MULTIPLE,OVERALL_EXPERIENCE,2
ALL,General Lounge Experience,POSITIVE,2026-02,PHX,OVERALL_EXPERIENCE,2
ALL,General Lounge Experience,POSITIVE,2026-02,SEA,OVERALL_EXPERIENCE,1
ALL,General Lounge Experience,POSITIVE,2026-03,,OVERALL_EXPERIENCE,13
ALL,General Lounge Experience,POSITIVE,2026-03,ATL,OVERALL_EXPERIENCE,1
ALL,General Lounge Experience,POSITIVE,2026-03,BOS,OVERALL_EXPERIENCE,1
ALL,General Lounge Experience,POSITIVE,2026-03,CLT,OVERALL_EXPERIENCE,1
ALL,General Lounge Experience,POSITIVE,2026-03,LAS,OVERALL_EXPERIENCE,3
ALL,General Lounge Experience,POSITIVE,2026-03,LGA,OVERALL_EXPERIENCE,4
ALL,General Lounge Experience,POSITIVE,2026-03,ORD,OVERALL_EXPERIENCE,1
ALL,General Lounge Experience,POSITIVE,2026-03,PHX,OVERALL_EXPERIENCE,1
ALL,General Lounge Experience,POSITIVE,2026-03,SAN,OVERALL_EXPERIENCE,1
ALL,General Lounge Experience,POSITIVE,2026-03,SFO,OVERALL_EXPERIENCE,1
ALL,General Lounge Experience,POSITIVE,2026-04,,OVERALL_EXPERIENCE,22
ALL,General Lounge Experience,POSITIVE,2026-04,ATL,OVERALL_EXPERIENCE,1
ALL,General Lounge Experience,POSITIVE,2026-04,BOS,OVERALL_EXPERIENCE,1
ALL,General Lounge Experience,POSITIVE,2026-04,JFK,OVERALL_EXPERIENCE,5
ALL,General Lounge Experience,POSITIVE,2026-04,LAS,OVERALL_EXPERIENCE,1
ALL,General Lounge Experience,POSITIVE,2026-04,LGA,OVERALL_EXPERIENCE,2
ALL,General Lounge Experience,POSITIVE,2026-04,LHR,OVERALL_EXPERIENCE,1
ALL,General Lounge Experience,POSITIVE,2026-04,PHL,OVERALL_EXPERIENCE,4
ALL,General Lounge Experience,POSITIVE,2026-04,SAN,OVERALL_EXPERIENCE,2
ALL,General Lounge Experience,POSITIVE,2026-05,,OVERALL_EXPERIENCE,11
ALL,General Lounge Experience,POSITIVE,2026-05,ATL,OVERALL_EXPERIENCE,1
ALL,General Lounge Experience,POSITIVE,2026-05,BOS,OVERALL_EXPERIENCE,2
ALL,General Lounge Experience,POSITIVE,2026-05,JFK,OVERALL_EXPERIENCE,2
ALL,General Lounge Experience,POSITIVE,2026-05,LGA,OVERALL_EXPERIENCE,3
ALL,General Lounge Experience,POSITIVE,2026-05,MIA,OVERALL_EXPERIENCE,1
ALL,General Lounge Experience,POSITIVE,2026-05,MSP,OVERALL_EXPERIENCE,1
ALL,General Lounge Experience,POSITIVE,2026-05,MULTIPLE,OVERALL_EXPERIENCE,2
ALL,General Lounge Experience,POSITIVE,2026-05,PHX,OVERALL_EXPERIENCE,1
ALL,General Lounge Experience,POSITIVE,2026-05,SEA,OVERALL_EXPERIENCE,1
ALL,General Lounge Experience,POSITIVE,2026-06,,OVERALL_EXPERIENCE,30
ALL,General Lounge Experience,POSITIVE,2026-06,DCA,OVERALL_EXPERIENCE,2
ALL,General Lounge Experience,POSITIVE,2026-06,DFW,OVERALL_EXPERIENCE,1
ALL,General Lounge Experience,POSITIVE,2026-06,FRA,OVERALL_EXPERIENCE,1
ALL,General Lounge Experience,POSITIVE,2026-06,IAD,OVERALL_EXPERIENCE,1
ALL,General Lounge Experience,POSITIVE,2026-06,JFK,OVERALL_EXPERIENCE,1
ALL,General Lounge Experience,POSITIVE,2026-06,LAS,OVERALL_EXPERIENCE,3
ALL,General Lounge Experience,POSITIVE,2026-06,LGA,OVERALL_EXPERIENCE,1
ALL,General Lounge Experience,POSITIVE,2026-06,MEX,OVERALL_EXPERIENCE,1
ALL,General Lounge Experience,POSITIVE,2026-06,MULTIPLE,OVERALL_EXPERIENCE,4
ALL,General Lounge Experience,POSITIVE,2026-06,SFO,OVERALL_EXPERIENCE,1
ALL,General Lounge Experience,POSITIVE,2026-06,SLC,OVERALL_EXPERIENCE,2
ALL,General Lounge Experience,POSITIVE,2026-07,,OVERALL_EXPERIENCE,36
ALL,General Lounge Experience,POSITIVE,2026-07,ATL,OVERALL_EXPERIENCE,1
ALL,General Lounge Experience,POSITIVE,2026-07,BOS,OVERALL_EXPERIENCE,1
ALL,General Lounge Experience,POSITIVE,2026-07,DCA,OVERALL_EXPERIENCE,2
ALL,General Lounge Experience,POSITIVE,2026-07,DFW,OVERALL_EXPERIENCE,3
ALL,General Lounge Experience,POSITIVE,2026-07,HKG,OVERALL_EXPERIENCE,1
ALL,General Lounge Experience,POSITIVE,2026-07,IAD,OVERALL_EXPERIENCE,1
ALL,General Lounge Experience,POSITIVE,2026-07,JFK,OVERALL_EXPERIENCE,3
ALL,General Lounge Experience,POSITIVE,2026-07,LAS,OVERALL_EXPERIENCE,1
ALL,General Lounge Experience,POSITIVE,2026-07,LGA,OVERALL_EXPERIENCE,1
ALL,General Lounge Experience,POSITIVE,2026-07,MULTIPLE,OVERALL_EXPERIENCE,1
ALL,General Lounge Experience,POSITIVE,2026-07,PHL,OVERALL_EXPERIENCE,2
ALL,General Lounge Experience,POSITIVE,2026-07,PHX,OVERALL_EXPERIENCE,2
ALL,General Lounge Experience,POSITIVE,2026-07,SAN,OVERALL_EXPERIENCE,2
ALL,General Lounge Experience,POSITIVE,2026-08,,OVERALL_EXPERIENCE,15
ALL,General Lounge Experience,POSITIVE,2026-08,DCA,OVERALL_EXPERIENCE,1
ALL,General Lounge Experience,POSITIVE,2026-08,DFW,OVERALL_EXPERIENCE,1
ALL,General Lounge Experience,POSITIVE,2026-08,HKG,OVERALL_EXPERIENCE,1
ALL,General Lounge Experience,POSITIVE,2026-08,JFK,OVERALL_EXPERIENCE,4
ALL,General Lounge Experience,POSITIVE,2026-08,LGA,OVERALL_EXPERIENCE,4
ALL,General Lounge Experience,POSITIVE,2026-08,PHL,OVERALL_EXPERIENCE,1
ALL,General Lounge Experience,POSITIVE,2026-08,SLC,OVERALL_EXPERIENCE,1
ALL,General Lounge Experience,POSITIVE,2026-08,YYZ,OVERALL_EXPERIENCE,1
ALL,Service & Upkeep,MIXED_NEUTRAL,2026-01,,STAFF_SERVICE,1
ALL,Service & Upkeep,MIXED_NEUTRAL,2026-02,DFW,STAFF_SERVICE,1
ALL,Service & Upkeep,MIXED_NEUTRAL,2026-02,DFW,STAFF_SERVICE | CLEANLINESS,1
ALL,Service & Upkeep,MIXED_NEUTRAL,2026-02,PHL,STAFF_SERVICE,1
ALL,Service & Upkeep,MIXED_NEUTRAL,2026-03,,STAFF_SERVICE,2
ALL,Service & Upkeep,MIXED_NEUTRAL,2026-04,,STAFF_SERVICE,1
ALL,Service & Upkeep,MIXED_NEUTRAL,2026-05,,STAFF_SERVICE,1
ALL,Service & Upkeep,MIXED_NEUTRAL,2026-05,LGA,STAFF_SERVICE,1
ALL,Service & Upkeep,MIXED_NEUTRAL,2026-07,,STAFF_SERVICE,1
ALL,Service & Upkeep,MIXED_NEUTRAL,2026-07,IAH,STAFF_SERVICE,1
ALL,Service & Upkeep,MIXED_NEUTRAL,2026-07,PHL,STAFF_SERVICE | CLEANLINESS,1
ALL,Service & Upkeep,MIXED_NEUTRAL,2026-08,,STAFF_SERVICE,1
ALL,Service & Upkeep,NEGATIVE,2026-01,,CLEANLINESS,1
ALL,Service & Upkeep,NEGATIVE,2026-01,,STAFF_SERVICE | CLEANLINESS,1
ALL,Service & Upkeep,NEGATIVE,2026-01,BOS,STAFF_SERVICE,1
ALL,Service & Upkeep,NEGATIVE,2026-01,LAX,STAFF_SERVICE,1
ALL,Service & Upkeep,NEGATIVE,2026-02,,STAFF_SERVICE,2
ALL,Service & Upkeep,NEGATIVE,2026-02,ATL,CLEANLINESS,1
ALL,Service & Upkeep,NEGATIVE,2026-02,CLT,STAFF_SERVICE,1
ALL,Service & Upkeep,NEGATIVE,2026-02,DFW,CLEANLINESS,1
ALL,Service & Upkeep,NEGATIVE,2026-02,JFK,CLEANLINESS,2
ALL,Service & Upkeep,NEGATIVE,2026-02,PHX,STAFF_SERVICE,1
ALL,Service & Upkeep,NEGATIVE,2026-02,PHX,STAFF_SERVICE | CLEANLINESS,1
ALL,Service & Upkeep,NEGATIVE,2026-03,,STAFF_SERVICE,2
ALL,Service & Upkeep,NEGATIVE,2026-03,MIA,STAFF_SERVICE,1
ALL,Service & Upkeep,NEGATIVE,2026-04,,CLEANLINESS,3
ALL,Service & Upkeep,NEGATIVE,2026-04,,STAFF_SERVICE,2
ALL,Service & Upkeep,NEGATIVE,2026-04,LGA,STAFF_SERVICE,2
ALL,Service & Upkeep,NEGATIVE,2026-04,SLC,CLEANLINESS,1
ALL,Service & Upkeep,NEGATIVE,2026-05,JFK,STAFF_SERVICE,1
ALL,Service & Upkeep,NEGATIVE,2026-05,LGA,STAFF_SERVICE,1
ALL,Service & Upkeep,NEGATIVE,2026-06,,STAFF_SERVICE,2
ALL,Service & Upkeep,NEGATIVE,2026-06,JFK,STAFF_SERVICE,1
ALL,Service & Upkeep,NEGATIVE,2026-06,LAS,STAFF_SERVICE,2
ALL,Service & Upkeep,NEGATIVE,2026-07,,CLEANLINESS,1
ALL,Service & Upkeep,NEGATIVE,2026-08,,CLEANLINESS,1
ALL,Service & Upkeep,NEGATIVE,2026-08,,STAFF_SERVICE,1
ALL,Service & Upkeep,POSITIVE,2026-01,,CLEANLINESS,1
ALL,Service & Upkeep,POSITIVE,2026-01,,STAFF_SERVICE,1
ALL,Service & Upkeep,POSITIVE,2026-01,,STAFF_SERVICE | CLEANLINESS,1
ALL,Service & Upkeep,POSITIVE,2026-01,LAS,STAFF_SERVICE,2
ALL,Service & Upkeep,POSITIVE,2026-01,PHX,STAFF_SERVICE,1
ALL,Service & Upkeep,POSITIVE,2026-01,SEA,STAFF_SERVICE,1
ALL,Service & Upkeep,POSITIVE,2026-01,SLC,STAFF_SERVICE,1
ALL,Service & Upkeep,POSITIVE,2026-02,,STAFF_SERVICE,1
ALL,Service & Upkeep,POSITIVE,2026-02,ATL,STAFF_SERVICE,1
ALL,Service & Upkeep,POSITIVE,2026-02,PHX,STAFF_SERVICE,2
ALL,Service & Upkeep,POSITIVE,2026-03,,STAFF_SERVICE,3
ALL,Service & Upkeep,POSITIVE,2026-03,BOS,STAFF_SERVICE,2
ALL,Service & Upkeep,POSITIVE,2026-03,LAS,STAFF_SERVICE,2
ALL,Service & Upkeep,POSITIVE,2026-03,LGA,STAFF_SERVICE,1
ALL,Service & Upkeep,POSITIVE,2026-04,LAS,STAFF_SERVICE,1
ALL,Service & Upkeep,POSITIVE,2026-04,MULTIPLE,CLEANLINESS,1
ALL,Service & Upkeep,POSITIVE,2026-04,SAN,CLEANLINESS,1
ALL,Service & Upkeep,POSITIVE,2026-05,,CLEANLINESS,1
ALL,Service & Upkeep,POSITIVE,2026-05,,STAFF_SERVICE,1
ALL,Service & Upkeep,POSITIVE,2026-05,LGA,STAFF_SERVICE,2
ALL,Service & Upkeep,POSITIVE,2026-06,,STAFF_SERVICE,3
ALL,Service & Upkeep,POSITIVE,2026-06,DFW,STAFF_SERVICE,1
ALL,Service & Upkeep,POSITIVE,2026-06,HND,STAFF_SERVICE,1
ALL,Service & Upkeep,POSITIVE,2026-06,JFK,STAFF_SERVICE,1
ALL,Service & Upkeep,POSITIVE,2026-06,LAS,STAFF_SERVICE,1
ALL,Service & Upkeep,POSITIVE,2026-06,LAS,STAFF_SERVICE | CLEANLINESS,1
ALL,Service & Upkeep,POSITIVE,2026-06,LHR,CLEANLINESS,1
ALL,Service & Upkeep,POSITIVE,2026-06,PDX,STAFF_SERVICE,1
ALL,Service & Upkeep,POSITIVE,2026-06,SEA,STAFF_SERVICE,1
ALL,Service & Upkeep,POSITIVE,2026-06,SFO,STAFF_SERVICE,1
ALL,Service & Upkeep,POSITIVE,2026-07,,STAFF_SERVICE,7
ALL,Service & Upkeep,POSITIVE,2026-07,,STAFF_SERVICE | CLEANLINESS,1
ALL,Service & Upkeep,POSITIVE,2026-07,ATL,STAFF_SERVICE | CLEANLINESS,1
ALL,Service & Upkeep,POSITIVE,2026-07,DCA,STAFF_SERVICE,1
ALL,Service & Upkeep,POSITIVE,2026-07,LAS,STAFF_SERVICE,1
ALL,Service & Upkeep,POSITIVE,2026-07,PHL,STAFF_SERVICE,1
ALL,Service & Upkeep,POSITIVE,2026-07,SFO,STAFF_SERVICE,1
ALL,Service & Upkeep,POSITIVE,2026-08,,CLEANLINESS,1
ALL,Service & Upkeep,POSITIVE,2026-08,,STAFF_SERVICE,4
ALL,Service & Upkeep,POSITIVE,2026-08,CLT,CLEANLINESS,1
ALL,Service & Upkeep,POSITIVE,2026-08,JFK,STAFF_SERVICE,1
ALL,Service & Upkeep,POSITIVE,2026-08,LAX,STAFF_SERVICE,1
ALL,Service & Upkeep,POSITIVE,2026-08,LGA,STAFF_SERVICE,1
ALL,"Space, Amenities & Convenience",MIXED_NEUTRAL,2026-01,,AMBIENCE_DESIGN,2
ALL,"Space, Amenities & Convenience",MIXED_NEUTRAL,2026-01,,AMBIENCE_DESIGN | AMENITIES,1
ALL,"Space, Amenities & Convenience",MIXED_NEUTRAL,2026-01,,AMBIENCE_DESIGN | LOCATION_CONVENIENCE,1
ALL,"Space, Amenities & Convenience",MIXED_NEUTRAL,2026-01,,AMBIENCE_DESIGN | VALUE_FOR_MONEY,1
ALL,"Space, Amenities & Convenience",MIXED_NEUTRAL,2026-01,JFK,AMBIENCE_DESIGN | OPERATING_HOURS,1
ALL,"Space, Amenities & Convenience",MIXED_NEUTRAL,2026-01,LAS,AMBIENCE_DESIGN,1
ALL,"Space, Amenities & Convenience",MIXED_NEUTRAL,2026-01,LAX,AMBIENCE_DESIGN,1
ALL,"Space, Amenities & Convenience",MIXED_NEUTRAL,2026-01,LAX,LOCATION_CONVENIENCE,1
ALL,"Space, Amenities & Convenience",MIXED_NEUTRAL,2026-01,MULTIPLE,AMBIENCE_DESIGN,1
ALL,"Space, Amenities & Convenience",MIXED_NEUTRAL,2026-01,MULTIPLE,AMBIENCE_DESIGN | LOCATION_CONVENIENCE,1
ALL,"Space, Amenities & Convenience",MIXED_NEUTRAL,2026-02,,AMBIENCE_DESIGN,1
ALL,"Space, Amenities & Convenience",MIXED_NEUTRAL,2026-02,,AMBIENCE_DESIGN | FAMILY_CHILDREN,1
ALL,"Space, Amenities & Convenience",MIXED_NEUTRAL,2026-02,,AMBIENCE_DESIGN | VALUE_FOR_MONEY,1
ALL,"Space, Amenities & Convenience",MIXED_NEUTRAL,2026-02,,AMENITIES,1
ALL,"Space, Amenities & Convenience",MIXED_NEUTRAL,2026-02,LAX,AMBIENCE_DESIGN | LOCATION_CONVENIENCE,1
ALL,"Space, Amenities & Convenience",MIXED_NEUTRAL,2026-02,PHX,AMBIENCE_DESIGN | LOCATION_CONVENIENCE,2
ALL,"Space, Amenities & Convenience",MIXED_NEUTRAL,2026-03,,AMBIENCE_DESIGN,1
ALL,"Space, Amenities & Convenience",MIXED_NEUTRAL,2026-03,,VALUE_FOR_MONEY,1
ALL,"Space, Amenities & Convenience",MIXED_NEUTRAL,2026-03,LAS,LOCATION_CONVENIENCE | OPERATING_HOURS,1
ALL,"Space, Amenities & Convenience",MIXED_NEUTRAL,2026-04,,AMBIENCE_DESIGN | AMENITIES,1
ALL,"Space, Amenities & Convenience",MIXED_NEUTRAL,2026-04,,AMBIENCE_DESIGN | LOCATION_CONVENIENCE,1
ALL,"Space, Amenities & Convenience",MIXED_NEUTRAL,2026-04,,AMENITIES | FAMILY_CHILDREN,1
ALL,"Space, Amenities & Convenience",MIXED_NEUTRAL,2026-04,ATL,LOCATION_CONVENIENCE | VALUE_FOR_MONEY,1
ALL,"Space, Amenities & Convenience",MIXED_NEUTRAL,2026-04,BOS,AMBIENCE_DESIGN,1
ALL,"Space, Amenities & Convenience",MIXED_NEUTRAL,2026-04,DCA,AMENITIES,1
ALL,"Space, Amenities & Convenience",MIXED_NEUTRAL,2026-04,DFW,AMBIENCE_DESIGN | FAMILY_CHILDREN | VALUE_FOR_MONEY,1
ALL,"Space, Amenities & Convenience",MIXED_NEUTRAL,2026-04,DFW,AMENITIES,1
ALL,"Space, Amenities & Convenience",MIXED_NEUTRAL,2026-04,MULTIPLE,AMBIENCE_DESIGN | AMENITIES,1
ALL,"Space, Amenities & Convenience",MIXED_NEUTRAL,2026-04,PHL,AMBIENCE_DESIGN,1
ALL,"Space, Amenities & Convenience",MIXED_NEUTRAL,2026-05,,AMENITIES | LOCATION_CONVENIENCE,1
ALL,"Space, Amenities & Convenience",MIXED_NEUTRAL,2026-05,JFK,AMENITIES | FAMILY_CHILDREN,1
ALL,"Space, Amenities & Convenience",MIXED_NEUTRAL,2026-06,,AMBIENCE_DESIGN | LOCATION_CONVENIENCE,1
ALL,"Space, Amenities & Convenience",MIXED_NEUTRAL,2026-06,,LOCATION_CONVENIENCE,1
ALL,"Space, Amenities & Convenience",MIXED_NEUTRAL,2026-06,,LOCATION_CONVENIENCE | VALUE_FOR_MONEY,1
ALL,"Space, Amenities & Convenience",MIXED_NEUTRAL,2026-06,JFK,OPERATING_HOURS,1
ALL,"Space, Amenities & Convenience",MIXED_NEUTRAL,2026-06,LAS,AMBIENCE_DESIGN | WIFI_WORKSPACE,1
ALL,"Space, Amenities & Convenience",MIXED_NEUTRAL,2026-07,,AMBIENCE_DESIGN | FAMILY_CHILDREN,1
ALL,"Space, Amenities & Convenience",MIXED_NEUTRAL,2026-07,,AMENITIES | VALUE_FOR_MONEY,1
ALL,"Space, Amenities & Convenience",MIXED_NEUTRAL,2026-07,,LOCATION_CONVENIENCE,1
ALL,"Space, Amenities & Convenience",MIXED_NEUTRAL,2026-07,DFW,AMBIENCE_DESIGN | AMENITIES,1
ALL,"Space, Amenities & Convenience",MIXED_NEUTRAL,2026-07,JFK,AMBIENCE_DESIGN | FAMILY_CHILDREN,1
ALL,"Space, Amenities & Convenience",MIXED_NEUTRAL,2026-07,MULTIPLE,AMBIENCE_DESIGN,1
ALL,"Space, Amenities & Convenience",MIXED_NEUTRAL,2026-07,MULTIPLE,AMENITIES,1
ALL,"Space, Amenities & Convenience",MIXED_NEUTRAL,2026-08,,AMBIENCE_DESIGN | FAMILY_CHILDREN | LOCATION_CONVENIENCE | VALUE_FOR_MONEY,1
ALL,"Space, Amenities & Convenience",MIXED_NEUTRAL,2026-08,,VALUE_FOR_MONEY,1
ALL,"Space, Amenities & Convenience",MIXED_NEUTRAL,2026-08,LAX,AMBIENCE_DESIGN | LOCATION_CONVENIENCE,1
ALL,"Space, Amenities & Convenience",NEGATIVE,2026-01,,AMBIENCE_DESIGN,5
ALL,"Space, Amenities & Convenience",NEGATIVE,2026-01,,AMENITIES,1
ALL,"Space, Amenities & Convenience",NEGATIVE,2026-01,,FAMILY_CHILDREN,1
ALL,"Space, Amenities & Convenience",NEGATIVE,2026-01,,LOCATION_CONVENIENCE,2
ALL,"Space, Amenities & Convenience",NEGATIVE,2026-01,,OPERATING_HOURS,1
ALL,"Space, Amenities & Convenience",NEGATIVE,2026-01,,VALUE_FOR_MONEY,2
ALL,"Space, Amenities & Convenience",NEGATIVE,2026-01,JFK,LOCATION_CONVENIENCE,1
ALL,"Space, Amenities & Convenience",NEGATIVE,2026-01,LAS,AMBIENCE_DESIGN,1
ALL,"Space, Amenities & Convenience",NEGATIVE,2026-01,LAX,AMBIENCE_DESIGN,1
ALL,"Space, Amenities & Convenience",NEGATIVE,2026-01,LAX,AMBIENCE_DESIGN | LOCATION_CONVENIENCE,1
ALL,"Space, Amenities & Convenience",NEGATIVE,2026-01,LGA,AMBIENCE_DESIGN,1
ALL,"Space, Amenities & Convenience",NEGATIVE,2026-01,MULTIPLE,AMBIENCE_DESIGN,1
ALL,"Space, Amenities & Convenience",NEGATIVE,2026-01,PHX,AMBIENCE_DESIGN,2
ALL,"Space, Amenities & Convenience",NEGATIVE,2026-02,,AMBIENCE_DESIGN,5
ALL,"Space, Amenities & Convenience",NEGATIVE,2026-02,,AMENITIES,1
ALL,"Space, Amenities & Convenience",NEGATIVE,2026-02,,LOCATION_CONVENIENCE,3
ALL,"Space, Amenities & Convenience",NEGATIVE,2026-02,,VALUE_FOR_MONEY,1
ALL,"Space, Amenities & Convenience",NEGATIVE,2026-02,BOS,LOCATION_CONVENIENCE,1
ALL,"Space, Amenities & Convenience",NEGATIVE,2026-02,DFW,AMBIENCE_DESIGN,1
ALL,"Space, Amenities & Convenience",NEGATIVE,2026-02,DFW,AMBIENCE_DESIGN | VALUE_FOR_MONEY,1
ALL,"Space, Amenities & Convenience",NEGATIVE,2026-02,JFK,AMBIENCE_DESIGN,3
ALL,"Space, Amenities & Convenience",NEGATIVE,2026-02,LAX,AMBIENCE_DESIGN,2
ALL,"Space, Amenities & Convenience",NEGATIVE,2026-02,LAX,AMBIENCE_DESIGN | LOCATION_CONVENIENCE,1
ALL,"Space, Amenities & Convenience",NEGATIVE,2026-02,PHL,AMBIENCE_DESIGN,1
ALL,"Space, Amenities & Convenience",NEGATIVE,2026-02,PHX,AMBIENCE_DESIGN,2
ALL,"Space, Amenities & Convenience",NEGATIVE,2026-02,SFO,AMBIENCE_DESIGN,1
ALL,"Space, Amenities & Convenience",NEGATIVE,2026-03,,AMBIENCE_DESIGN,5
ALL,"Space, Amenities & Convenience",NEGATIVE,2026-03,,AMBIENCE_DESIGN | AMENITIES,1
ALL,"Space, Amenities & Convenience",NEGATIVE,2026-03,,AMBIENCE_DESIGN | FAMILY_CHILDREN,1
ALL,"Space, Amenities & Convenience",NEGATIVE,2026-03,,FAMILY_CHILDREN,1
ALL,"Space, Amenities & Convenience",NEGATIVE,2026-03,,LOCATION_CONVENIENCE,2
ALL,"Space, Amenities & Convenience",NEGATIVE,2026-03,Hong Kong,AMENITIES,1
ALL,"Space, Amenities & Convenience",NEGATIVE,2026-04,,AMBIENCE_DESIGN,5
ALL,"Space, Amenities & Convenience",NEGATIVE,2026-04,,AMBIENCE_DESIGN | VALUE_FOR_MONEY,1
ALL,"Space, Amenities & Convenience",NEGATIVE,2026-04,,FAMILY_CHILDREN,1
ALL,"Space, Amenities & Convenience",NEGATIVE,2026-04,,LOCATION_CONVENIENCE,3
ALL,"Space, Amenities & Convenience",NEGATIVE,2026-04,,VALUE_FOR_MONEY,4
ALL,"Space, Amenities & Convenience",NEGATIVE,2026-04,ATL,AMBIENCE_DESIGN,1
ALL,"Space, Amenities & Convenience",NEGATIVE,2026-04,DFW,AMBIENCE_DESIGN,2
ALL,"Space, Amenities & Convenience",NEGATIVE,2026-04,JFK,VALUE_FOR_MONEY,1
ALL,"Space, Amenities & Convenience",NEGATIVE,2026-04,LAS,AMBIENCE_DESIGN,2
ALL,"Space, Amenities & Convenience",NEGATIVE,2026-04,LAS,VALUE_FOR_MONEY,1
ALL,"Space, Amenities & Convenience",NEGATIVE,2026-04,LAX,LOCATION_CONVENIENCE,1
ALL,"Space, Amenities & Convenience",NEGATIVE,2026-04,LGA,AMENITIES,1
ALL,"Space, Amenities & Convenience",NEGATIVE,2026-04,LGA,LOCATION_CONVENIENCE,1
ALL,"Space, Amenities & Convenience",NEGATIVE,2026-05,,AMBIENCE_DESIGN,2
ALL,"Space, Amenities & Convenience",NEGATIVE,2026-05,,AMENITIES,1
ALL,"Space, Amenities & Convenience",NEGATIVE,2026-05,,FAMILY_CHILDREN | VALUE_FOR_MONEY,1
ALL,"Space, Amenities & Convenience",NEGATIVE,2026-05,,LOCATION_CONVENIENCE,2
ALL,"Space, Amenities & Convenience",NEGATIVE,2026-05,,VALUE_FOR_MONEY,1
ALL,"Space, Amenities & Convenience",NEGATIVE,2026-05,IAD,LOCATION_CONVENIENCE,1
ALL,"Space, Amenities & Convenience",NEGATIVE,2026-05,LAS,AMBIENCE_DESIGN,1
ALL,"Space, Amenities & Convenience",NEGATIVE,2026-05,LGA,AMBIENCE_DESIGN,2
ALL,"Space, Amenities & Convenience",NEGATIVE,2026-05,MULTIPLE,AMBIENCE_DESIGN,1
ALL,"Space, Amenities & Convenience",NEGATIVE,2026-06,,AMBIENCE_DESIGN,7
ALL,"Space, Amenities & Convenience",NEGATIVE,2026-06,,LOCATION_CONVENIENCE,2
ALL,"Space, Amenities & Convenience",NEGATIVE,2026-06,LAS,VALUE_FOR_MONEY,1
ALL,"Space, Amenities & Convenience",NEGATIVE,2026-06,LHR,AMBIENCE_DESIGN | VALUE_FOR_MONEY,1
ALL,"Space, Amenities & Convenience",NEGATIVE,2026-06,PDX,AMBIENCE_DESIGN,2
ALL,"Space, Amenities & Convenience",NEGATIVE,2026-07,,AMBIENCE_DESIGN,2
ALL,"Space, Amenities & Convenience",NEGATIVE,2026-07,,AMBIENCE_DESIGN | FAMILY_CHILDREN,1
ALL,"Space, Amenities & Convenience",NEGATIVE,2026-07,,FAMILY_CHILDREN,1
ALL,"Space, Amenities & Convenience",NEGATIVE,2026-07,,LOCATION_CONVENIENCE,3
ALL,"Space, Amenities & Convenience",NEGATIVE,2026-07,,OPERATING_HOURS,2
ALL,"Space, Amenities & Convenience",NEGATIVE,2026-07,,VALUE_FOR_MONEY,2
ALL,"Space, Amenities & Convenience",NEGATIVE,2026-07,ATL,VALUE_FOR_MONEY,1
ALL,"Space, Amenities & Convenience",NEGATIVE,2026-07,BOS,VALUE_FOR_MONEY,1
ALL,"Space, Amenities & Convenience",NEGATIVE,2026-07,LAS,AMBIENCE_DESIGN,1
ALL,"Space, Amenities & Convenience",NEGATIVE,2026-07,PHX,AMBIENCE_DESIGN | AMENITIES,1
ALL,"Space, Amenities & Convenience",NEGATIVE,2026-08,,AMBIENCE_DESIGN | AMENITIES | LOCATION_CONVENIENCE,1
ALL,"Space, Amenities & Convenience",NEGATIVE,2026-08,,AMBIENCE_DESIGN | VALUE_FOR_MONEY,1
ALL,"Space, Amenities & Convenience",NEGATIVE,2026-08,,AMENITIES,1
ALL,"Space, Amenities & Convenience",NEGATIVE,2026-08,,FAMILY_CHILDREN,2
ALL,"Space, Amenities & Convenience",NEGATIVE,2026-08,,LOCATION_CONVENIENCE | VALUE_FOR_MONEY,1
ALL,"Space, Amenities & Convenience",NEGATIVE,2026-08,,OPERATING_HOURS,1
ALL,"Space, Amenities & Convenience",NEGATIVE,2026-08,,VALUE_FOR_MONEY,1
ALL,"Space, Amenities & Convenience",NEGATIVE,2026-08,,WIFI_WORKSPACE | FAMILY_CHILDREN,1
ALL,"Space, Amenities & Convenience",NEGATIVE,2026-08,JFK,AMBIENCE_DESIGN | AMENITIES,1
ALL,"Space, Amenities & Convenience",NEGATIVE,2026-08,JFK,VALUE_FOR_MONEY,1
ALL,"Space, Amenities & Convenience",NEGATIVE,2026-08,LAX,AMBIENCE_DESIGN,1
ALL,"Space, Amenities & Convenience",NEGATIVE,2026-08,MCO,AMBIENCE_DESIGN,1
ALL,"Space, Amenities & Convenience",NEGATIVE,2026-08,PHX,AMBIENCE_DESIGN,1
ALL,"Space, Amenities & Convenience",NEGATIVE,2026-08,SEA,WIFI_WORKSPACE | FAMILY_CHILDREN,1
ALL,"Space, Amenities & Convenience",NEGATIVE,2026-08,TPA,AMBIENCE_DESIGN,1
ALL,"Space, Amenities & Convenience",POSITIVE,2026-01,,AMBIENCE_DESIGN,5
ALL,"Space, Amenities & Convenience",POSITIVE,2026-01,,AMBIENCE_DESIGN | AMENITIES,3
ALL,"Space, Amenities & Convenience",POSITIVE,2026-01,,AMENITIES,2
ALL,"Space, Amenities & Convenience",POSITIVE,2026-01,,LOCATION_CONVENIENCE,1
ALL,"Space, Amenities & Convenience",POSITIVE,2026-01,,VALUE_FOR_MONEY,2
ALL,"Space, Amenities & Convenience",POSITIVE,2026-01,BOS,AMBIENCE_DESIGN | AMENITIES,1
ALL,"Space, Amenities & Convenience",POSITIVE,2026-01,DCA,FAMILY_CHILDREN | VALUE_FOR_MONEY,1
ALL,"Space, Amenities & Convenience",POSITIVE,2026-01,HKG,AMBIENCE_DESIGN,1
ALL,"Space, Amenities & Convenience",POSITIVE,2026-01,LAS,VALUE_FOR_MONEY,1
ALL,"Space, Amenities & Convenience",POSITIVE,2026-01,LGA,AMBIENCE_DESIGN,1
ALL,"Space, Amenities & Convenience",POSITIVE,2026-01,PHX,AMBIENCE_DESIGN,1
ALL,"Space, Amenities & Convenience",POSITIVE,2026-01,SEA,AMBIENCE_DESIGN,1
ALL,"Space, Amenities & Convenience",POSITIVE,2026-02,,AMENITIES,2
ALL,"Space, Amenities & Convenience",POSITIVE,2026-02,ATL,AMBIENCE_DESIGN,1
ALL,"Space, Amenities & Convenience",POSITIVE,2026-02,DCA,AMBIENCE_DESIGN,1
ALL,"Space, Amenities & Convenience",POSITIVE,2026-02,DFW,AMBIENCE_DESIGN,1
ALL,"Space, Amenities & Convenience",POSITIVE,2026-02,LAX,AMENITIES,1
ALL,"Space, Amenities & Convenience",POSITIVE,2026-02,LAX,VALUE_FOR_MONEY,1
ALL,"Space, Amenities & Convenience",POSITIVE,2026-02,MIA,AMBIENCE_DESIGN,1
ALL,"Space, Amenities & Convenience",POSITIVE,2026-02,PHX,FAMILY_CHILDREN,1
ALL,"Space, Amenities & Convenience",POSITIVE,2026-02,SEA,AMBIENCE_DESIGN,1
ALL,"Space, Amenities & Convenience",POSITIVE,2026-03,,AMBIENCE_DESIGN,1
ALL,"Space, Amenities & Convenience",POSITIVE,2026-03,,AMENITIES,1
ALL,"Space, Amenities & Convenience",POSITIVE,2026-03,,FAMILY_CHILDREN,1
ALL,"Space, Amenities & Convenience",POSITIVE,2026-03,,LOCATION_CONVENIENCE,1
ALL,"Space, Amenities & Convenience",POSITIVE,2026-03,ATL,AMBIENCE_DESIGN,1
ALL,"Space, Amenities & Convenience",POSITIVE,2026-03,BOS,AMENITIES | WIFI_WORKSPACE | VALUE_FOR_MONEY,1
ALL,"Space, Amenities & Convenience",POSITIVE,2026-03,CLT,VALUE_FOR_MONEY,1
ALL,"Space, Amenities & Convenience",POSITIVE,2026-03,DFW,AMENITIES,1
ALL,"Space, Amenities & Convenience",POSITIVE,2026-03,JFK,AMBIENCE_DESIGN,1
ALL,"Space, Amenities & Convenience",POSITIVE,2026-03,LAS,VALUE_FOR_MONEY,1
ALL,"Space, Amenities & Convenience",POSITIVE,2026-03,MSP,AMBIENCE_DESIGN,1
ALL,"Space, Amenities & Convenience",POSITIVE,2026-04,,AMBIENCE_DESIGN,1
ALL,"Space, Amenities & Convenience",POSITIVE,2026-04,,AMBIENCE_DESIGN | FAMILY_CHILDREN,1
ALL,"Space, Amenities & Convenience",POSITIVE,2026-04,,AMBIENCE_DESIGN | LOCATION_CONVENIENCE,1
ALL,"Space, Amenities & Convenience",POSITIVE,2026-04,,AMENITIES,2
ALL,"Space, Amenities & Convenience",POSITIVE,2026-04,,AMENITIES | FAMILY_CHILDREN,1
ALL,"Space, Amenities & Convenience",POSITIVE,2026-04,,AMENITIES | VALUE_FOR_MONEY,1
ALL,"Space, Amenities & Convenience",POSITIVE,2026-04,,VALUE_FOR_MONEY,1
ALL,"Space, Amenities & Convenience",POSITIVE,2026-04,DEN,AMENITIES,1
ALL,"Space, Amenities & Convenience",POSITIVE,2026-04,DFW,WIFI_WORKSPACE,1
ALL,"Space, Amenities & Convenience",POSITIVE,2026-04,LAS,AMBIENCE_DESIGN,1
ALL,"Space, Amenities & Convenience",POSITIVE,2026-04,LGA,AMENITIES,1
ALL,"Space, Amenities & Convenience",POSITIVE,2026-04,MCO,VALUE_FOR_MONEY,1
ALL,"Space, Amenities & Convenience",POSITIVE,2026-04,PHL,AMBIENCE_DESIGN,3
ALL,"Space, Amenities & Convenience",POSITIVE,2026-04,SAN,AMBIENCE_DESIGN,1
ALL,"Space, Amenities & Convenience",POSITIVE,2026-04,SAN,VALUE_FOR_MONEY,1
ALL,"Space, Amenities & Convenience",POSITIVE,2026-04,SLC,AMBIENCE_DESIGN,1
ALL,"Space, Amenities & Convenience",POSITIVE,2026-05,,LOCATION_CONVENIENCE,1
ALL,"Space, Amenities & Convenience",POSITIVE,2026-05,,WIFI_WORKSPACE | LOCATION_CONVENIENCE | VALUE_FOR_MONEY,1
ALL,"Space, Amenities & Convenience",POSITIVE,2026-05,LGA,AMBIENCE_DESIGN,1
ALL,"Space, Amenities & Convenience",POSITIVE,2026-06,,AMBIENCE_DESIGN,2
ALL,"Space, Amenities & Convenience",POSITIVE,2026-06,,AMBIENCE_DESIGN | LOCATION_CONVENIENCE | VALUE_FOR_MONEY,1
ALL,"Space, Amenities & Convenience",POSITIVE,2026-06,,AMENITIES,1
ALL,"Space, Amenities & Convenience",POSITIVE,2026-06,,AMENITIES | LOCATION_CONVENIENCE,1
ALL,"Space, Amenities & Convenience",POSITIVE,2026-06,,LOCATION_CONVENIENCE,5
ALL,"Space, Amenities & Convenience",POSITIVE,2026-06,,VALUE_FOR_MONEY,4
ALL,"Space, Amenities & Convenience",POSITIVE,2026-06,CLT,WIFI_WORKSPACE | VALUE_FOR_MONEY,1
ALL,"Space, Amenities & Convenience",POSITIVE,2026-06,DCA,AMBIENCE_DESIGN,1
ALL,"Space, Amenities & Convenience",POSITIVE,2026-06,DFW,AMBIENCE_DESIGN,1
ALL,"Space, Amenities & Convenience",POSITIVE,2026-06,IAD,VALUE_FOR_MONEY,1
ALL,"Space, Amenities & Convenience",POSITIVE,2026-06,JFK,AMBIENCE_DESIGN,1
ALL,"Space, Amenities & Convenience",POSITIVE,2026-06,LAS,AMENITIES | VALUE_FOR_MONEY,1
ALL,"Space, Amenities & Convenience",POSITIVE,2026-06,LGA,AMBIENCE_DESIGN,1
ALL,"Space, Amenities & Convenience",POSITIVE,2026-06,LGA,LOCATION_CONVENIENCE,1
ALL,"Space, Amenities & Convenience",POSITIVE,2026-06,LHR,FAMILY_CHILDREN | VALUE_FOR_MONEY,1
ALL,"Space, Amenities & Convenience",POSITIVE,2026-06,PHX,FAMILY_CHILDREN | VALUE_FOR_MONEY,1
ALL,"Space, Amenities & Convenience",POSITIVE,2026-06,SFO,LOCATION_CONVENIENCE,2
ALL,"Space, Amenities & Convenience",POSITIVE,2026-06,SLC,AMENITIES,1
ALL,"Space, Amenities & Convenience",POSITIVE,2026-07,,AMBIENCE_DESIGN,2
ALL,"Space, Amenities & Convenience",POSITIVE,2026-07,,AMBIENCE_DESIGN | AMENITIES,2
ALL,"Space, Amenities & Convenience",POSITIVE,2026-07,,AMBIENCE_DESIGN | FAMILY_CHILDREN,1
ALL,"Space, Amenities & Convenience",POSITIVE,2026-07,,AMBIENCE_DESIGN | LOCATION_CONVENIENCE,1
ALL,"Space, Amenities & Convenience",POSITIVE,2026-07,,VALUE_FOR_MONEY,1
ALL,"Space, Amenities & Convenience",POSITIVE,2026-07,ATL,AMBIENCE_DESIGN,1
ALL,"Space, Amenities & Convenience",POSITIVE,2026-07,DFW,AMBIENCE_DESIGN,1
ALL,"Space, Amenities & Convenience",POSITIVE,2026-07,DFW,AMENITIES,1
ALL,"Space, Amenities & Convenience",POSITIVE,2026-07,HKG,AMBIENCE_DESIGN,1
ALL,"Space, Amenities & Convenience",POSITIVE,2026-07,LGA,AMBIENCE_DESIGN,1
ALL,"Space, Amenities & Convenience",POSITIVE,2026-07,PHL,AMBIENCE_DESIGN,1
ALL,"Space, Amenities & Convenience",POSITIVE,2026-07,PHX,LOCATION_CONVENIENCE,1
ALL,"Space, Amenities & Convenience",POSITIVE,2026-08,,AMBIENCE_DESIGN,1
ALL,"Space, Amenities & Convenience",POSITIVE,2026-08,,AMBIENCE_DESIGN | VALUE_FOR_MONEY,2
ALL,"Space, Amenities & Convenience",POSITIVE,2026-08,,AMENITIES,1
ALL,"Space, Amenities & Convenience",POSITIVE,2026-08,,AMENITIES | VALUE_FOR_MONEY,1
ALL,"Space, Amenities & Convenience",POSITIVE,2026-08,,LOCATION_CONVENIENCE,2
ALL,"Space, Amenities & Convenience",POSITIVE,2026-08,,VALUE_FOR_MONEY,3
ALL,"Space, Amenities & Convenience",POSITIVE,2026-08,DCA,AMBIENCE_DESIGN,1
ALL,"Space, Amenities & Convenience",POSITIVE,2026-08,DFW,AMBIENCE_DESIGN,1
ALL,"Space, Amenities & Convenience",POSITIVE,2026-08,IAD,AMBIENCE_DESIGN,1
ALL,"Space, Amenities & Convenience",POSITIVE,2026-08,JFK,AMENITIES,2
ALL,"Space, Amenities & Convenience",POSITIVE,2026-08,LAS,AMBIENCE_DESIGN,1
ALL,"Space, Amenities & Convenience",POSITIVE,2026-08,LAX,AMBIENCE_DESIGN,1
ALL,"Space, Amenities & Convenience",POSITIVE,2026-08,LGA,AMBIENCE_DESIGN,1
ALL,"Space, Amenities & Convenience",POSITIVE,2026-08,LGA,AMENITIES,1
ALL,"Space, Amenities & Convenience",POSITIVE,2026-08,YVR,FAMILY_CHILDREN,1
AMEX,Access & Capacity,MIXED_NEUTRAL,2026-01,,CROWDING | ACCESS_EXPERIENCE,1
AMEX,Access & Capacity,MIXED_NEUTRAL,2026-01,,CROWDING | WAIT_TIME_QUEUE | SEATING_AVAILABILITY | RESERVATION_SYSTEM,1
AMEX,Access & Capacity,MIXED_NEUTRAL,2026-01,SEA,CROWDING | SEATING_AVAILABILITY | RESERVATION_SYSTEM,1
AMEX,Access & Capacity,MIXED_NEUTRAL,2026-02,,CROWDING | ACCESS_EXPERIENCE,1
AMEX,Access & Capacity,MIXED_NEUTRAL,2026-02,,CROWDING | ACCESS_EXPERIENCE | RESERVATION_SYSTEM,1
AMEX,Access & Capacity,MIXED_NEUTRAL,2026-02,DFW,CROWDING | WAIT_TIME_QUEUE,1
AMEX,Access & Capacity,MIXED_NEUTRAL,2026-02,DFW,CROWDING | WAIT_TIME_QUEUE | RESERVATION_SYSTEM,1
AMEX,Access & Capacity,MIXED_NEUTRAL,2026-02,MULTIPLE,CROWDING | WAIT_TIME_QUEUE | SEATING_AVAILABILITY,1
AMEX,Access & Capacity,MIXED_NEUTRAL,2026-02,PHL,WAIT_TIME_QUEUE,1
AMEX,Access & Capacity,MIXED_NEUTRAL,2026-04,,CROWDING | WAIT_TIME_QUEUE,1
AMEX,Access & Capacity,MIXED_NEUTRAL,2026-04,,WAIT_TIME_QUEUE,1
AMEX,Access & Capacity,MIXED_NEUTRAL,2026-04,DFW,CROWDING | SEATING_AVAILABILITY | ACCESS_EXPERIENCE,1
AMEX,Access & Capacity,MIXED_NEUTRAL,2026-04,DFW,CROWDING | WAIT_TIME_QUEUE | SEATING_AVAILABILITY | RESERVATION_SYSTEM,1
AMEX,Access & Capacity,MIXED_NEUTRAL,2026-04,MEX,WAIT_TIME_QUEUE,1
AMEX,Access & Capacity,MIXED_NEUTRAL,2026-04,MULTIPLE,WAIT_TIME_QUEUE | RESERVATION_SYSTEM,1
AMEX,Access & Capacity,MIXED_NEUTRAL,2026-05,,WAIT_TIME_QUEUE | ACCESS_EXPERIENCE,1
AMEX,Access & Capacity,MIXED_NEUTRAL,2026-05,,WAIT_TIME_QUEUE | RESERVATION_SYSTEM,1
AMEX,Access & Capacity,MIXED_NEUTRAL,2026-05,DEN,CROWDING | WAIT_TIME_QUEUE | SEATING_AVAILABILITY,1
AMEX,Access & Capacity,MIXED_NEUTRAL,2026-05,DFW,WAIT_TIME_QUEUE | SEATING_AVAILABILITY,1
AMEX,Access & Capacity,MIXED_NEUTRAL,2026-05,MULTIPLE,CROWDING | WAIT_TIME_QUEUE | RESERVATION_SYSTEM,1
AMEX,Access & Capacity,MIXED_NEUTRAL,2026-06,,CROWDING | ACCESS_EXPERIENCE,1
AMEX,Access & Capacity,MIXED_NEUTRAL,2026-06,,CROWDING | WAIT_TIME_QUEUE | SEATING_AVAILABILITY | RESERVATION_SYSTEM,1
AMEX,Access & Capacity,MIXED_NEUTRAL,2026-06,,WAIT_TIME_QUEUE | RESERVATION_SYSTEM,1
AMEX,Access & Capacity,MIXED_NEUTRAL,2026-06,ATL,CROWDING | RESERVATION_SYSTEM,1
AMEX,Access & Capacity,MIXED_NEUTRAL,2026-06,JFK,WAIT_TIME_QUEUE | ACCESS_EXPERIENCE,1
AMEX,Access & Capacity,MIXED_NEUTRAL,2026-06,LAS,ACCESS_EXPERIENCE | RESERVATION_SYSTEM,1
AMEX,Access & Capacity,MIXED_NEUTRAL,2026-07,,CROWDING | ACCESS_EXPERIENCE,1
AMEX,Access & Capacity,MIXED_NEUTRAL,2026-07,,CROWDING | RESERVATION_SYSTEM,1
AMEX,Access & Capacity,MIXED_NEUTRAL,2026-07,,CROWDING | WAIT_TIME_QUEUE,1
AMEX,Access & Capacity,MIXED_NEUTRAL,2026-07,,CROWDING | WAIT_TIME_QUEUE | ACCESS_EXPERIENCE,2
AMEX,Access & Capacity,MIXED_NEUTRAL,2026-07,DEN,WAIT_TIME_QUEUE | ACCESS_EXPERIENCE,1
AMEX,Access & Capacity,MIXED_NEUTRAL,2026-07,JFK,WAIT_TIME_QUEUE,1
AMEX,Access & Capacity,MIXED_NEUTRAL,2026-07,LAX,ACCESS_EXPERIENCE,1
AMEX,Access & Capacity,MIXED_NEUTRAL,2026-07,MULTIPLE,WAIT_TIME_QUEUE | SEATING_AVAILABILITY,1
AMEX,Access & Capacity,MIXED_NEUTRAL,2026-08,,CROWDING | ACCESS_EXPERIENCE,1
AMEX,Access & Capacity,MIXED_NEUTRAL,2026-08,,WAIT_TIME_QUEUE | ACCESS_EXPERIENCE,1
AMEX,Access & Capacity,NEGATIVE,2026-01,,ACCESS_EXPERIENCE,2
AMEX,Access & Capacity,NEGATIVE,2026-01,,CROWDING,7
AMEX,Access & Capacity,NEGATIVE,2026-01,,CROWDING | ACCESS_EXPERIENCE,1
AMEX,Access & Capacity,NEGATIVE,2026-01,,CROWDING | WAIT_TIME_QUEUE | RESERVATION_SYSTEM,1
AMEX,Access & Capacity,NEGATIVE,2026-01,,CROWDING | WAIT_TIME_QUEUE | SEATING_AVAILABILITY | RESERVATION_SYSTEM,1
AMEX,Access & Capacity,NEGATIVE,2026-01,,WAIT_TIME_QUEUE,2
AMEX,Access & Capacity,NEGATIVE,2026-01,,WAIT_TIME_QUEUE | ACCESS_EXPERIENCE,2
AMEX,Access & Capacity,NEGATIVE,2026-01,,WAIT_TIME_QUEUE | SEATING_AVAILABILITY,1
AMEX,Access & Capacity,NEGATIVE,2026-01,CLT,WAIT_TIME_QUEUE,1
AMEX,Access & Capacity,NEGATIVE,2026-01,DCA,CROWDING,2
AMEX,Access & Capacity,NEGATIVE,2026-01,LAX,ACCESS_EXPERIENCE,1
AMEX,Access & Capacity,NEGATIVE,2026-01,LGA,CROWDING,1
AMEX,Access & Capacity,NEGATIVE,2026-01,MIA,CROWDING | SEATING_AVAILABILITY,1
AMEX,Access & Capacity,NEGATIVE,2026-01,PHX,WAIT_TIME_QUEUE | RESERVATION_SYSTEM,1
AMEX,Access & Capacity,NEGATIVE,2026-01,SLC,CROWDING,1
AMEX,Access & Capacity,NEGATIVE,2026-02,,ACCESS_EXPERIENCE,2
AMEX,Access & Capacity,NEGATIVE,2026-02,,CROWDING,4
AMEX,Access & Capacity,NEGATIVE,2026-02,,SEATING_AVAILABILITY,1
AMEX,Access & Capacity,NEGATIVE,2026-02,,WAIT_TIME_QUEUE,1
AMEX,Access & Capacity,NEGATIVE,2026-02,,WAIT_TIME_QUEUE | SEATING_AVAILABILITY,1
AMEX,Access & Capacity,NEGATIVE,2026-02,CLT,CROWDING | ACCESS_EXPERIENCE,1
AMEX,Access & Capacity,NEGATIVE,2026-02,DFW,CROWDING | WAIT_TIME_QUEUE,1
AMEX,Access & Capacity,NEGATIVE,2026-02,JFK,CROWDING,1
AMEX,Access & Capacity,NEGATIVE,2026-02,LAX,CROWDING | ACCESS_EXPERIENCE,1
AMEX,Access & Capacity,NEGATIVE,2026-02,PHL,WAIT_TIME_QUEUE,1
AMEX,Access & Capacity,NEGATIVE,2026-02,PHX,CROWDING,1
AMEX,Access & Capacity,NEGATIVE,2026-02,SEA,CROWDING | WAIT_TIME_QUEUE,1
AMEX,Access & Capacity,NEGATIVE,2026-03,,CROWDING,1
AMEX,Access & Capacity,NEGATIVE,2026-03,,SEATING_AVAILABILITY,1
AMEX,Access & Capacity,NEGATIVE,2026-03,,WAIT_TIME_QUEUE,2
AMEX,Access & Capacity,NEGATIVE,2026-03,IAH,WAIT_TIME_QUEUE,1
AMEX,Access & Capacity,NEGATIVE,2026-03,MIA,CROWDING | ACCESS_EXPERIENCE,1
AMEX,Access & Capacity,NEGATIVE,2026-03,MIA,WAIT_TIME_QUEUE,1
AMEX,Access & Capacity,NEGATIVE,2026-04,,ACCESS_EXPERIENCE,2
AMEX,Access & Capacity,NEGATIVE,2026-04,,CROWDING,5
AMEX,Access & Capacity,NEGATIVE,2026-04,,CROWDING | ACCESS_EXPERIENCE,1
AMEX,Access & Capacity,NEGATIVE,2026-04,,CROWDING | SEATING_AVAILABILITY,2
AMEX,Access & Capacity,NEGATIVE,2026-04,,CROWDING | WAIT_TIME_QUEUE,4
AMEX,Access & Capacity,NEGATIVE,2026-04,,SEATING_AVAILABILITY,1
AMEX,Access & Capacity,NEGATIVE,2026-04,,SEATING_AVAILABILITY | RESERVATION_SYSTEM,1
AMEX,Access & Capacity,NEGATIVE,2026-04,,WAIT_TIME_QUEUE,5
AMEX,Access & Capacity,NEGATIVE,2026-04,CLT,CROWDING | WAIT_TIME_QUEUE | RESERVATION_SYSTEM,1
AMEX,Access & Capacity,NEGATIVE,2026-04,DFW,CROWDING,1
AMEX,Access & Capacity,NEGATIVE,2026-04,DFW,WAIT_TIME_QUEUE | RESERVATION_SYSTEM,1
AMEX,Access & Capacity,NEGATIVE,2026-04,JFK,WAIT_TIME_QUEUE,1
AMEX,Access & Capacity,NEGATIVE,2026-04,LAS,WAIT_TIME_QUEUE,1
AMEX,Access & Capacity,NEGATIVE,2026-04,LAX,CROWDING | SEATING_AVAILABILITY,1
AMEX,Access & Capacity,NEGATIVE,2026-04,LAX,CROWDING | WAIT_TIME_QUEUE,1
AMEX,Access & Capacity,NEGATIVE,2026-04,MIA,WAIT_TIME_QUEUE | ACCESS_EXPERIENCE,1
AMEX,Access & Capacity,NEGATIVE,2026-05,,CROWDING,2
AMEX,Access & Capacity,NEGATIVE,2026-05,,CROWDING | WAIT_TIME_QUEUE | ACCESS_EXPERIENCE,1
AMEX,Access & Capacity,NEGATIVE,2026-05,,WAIT_TIME_QUEUE,3
AMEX,Access & Capacity,NEGATIVE,2026-05,,WAIT_TIME_QUEUE | ACCESS_EXPERIENCE,1
AMEX,Access & Capacity,NEGATIVE,2026-05,ATL,CROWDING,1
AMEX,Access & Capacity,NEGATIVE,2026-05,DFW,WAIT_TIME_QUEUE,1
AMEX,Access & Capacity,NEGATIVE,2026-05,LAS,WAIT_TIME_QUEUE | RESERVATION_SYSTEM,1
AMEX,Access & Capacity,NEGATIVE,2026-05,LGA,WAIT_TIME_QUEUE | RESERVATION_SYSTEM,1
AMEX,Access & Capacity,NEGATIVE,2026-05,MIA,WAIT_TIME_QUEUE,1
AMEX,Access & Capacity,NEGATIVE,2026-06,,CROWDING,3
AMEX,Access & Capacity,NEGATIVE,2026-06,,CROWDING | ACCESS_EXPERIENCE,1
AMEX,Access & Capacity,NEGATIVE,2026-06,,CROWDING | WAIT_TIME_QUEUE,1
AMEX,Access & Capacity,NEGATIVE,2026-06,,RESERVATION_SYSTEM,1
AMEX,Access & Capacity,NEGATIVE,2026-06,,WAIT_TIME_QUEUE,2
AMEX,Access & Capacity,NEGATIVE,2026-06,,WAIT_TIME_QUEUE | ACCESS_EXPERIENCE,1
AMEX,Access & Capacity,NEGATIVE,2026-06,CLT,CROWDING,1
AMEX,Access & Capacity,NEGATIVE,2026-06,CLT,CROWDING | WAIT_TIME_QUEUE,1
AMEX,Access & Capacity,NEGATIVE,2026-06,DFW,WAIT_TIME_QUEUE,1
AMEX,Access & Capacity,NEGATIVE,2026-06,IAH,WAIT_TIME_QUEUE | RESERVATION_SYSTEM,1
AMEX,Access & Capacity,NEGATIVE,2026-06,JFK,CROWDING,1
AMEX,Access & Capacity,NEGATIVE,2026-06,LAS,CROWDING,1
AMEX,Access & Capacity,NEGATIVE,2026-06,LAS,WAIT_TIME_QUEUE | RESERVATION_SYSTEM,1
AMEX,Access & Capacity,NEGATIVE,2026-06,LAX,WAIT_TIME_QUEUE,1
AMEX,Access & Capacity,NEGATIVE,2026-06,LGA,ACCESS_EXPERIENCE,1
AMEX,Access & Capacity,NEGATIVE,2026-06,SEA,CROWDING,1
AMEX,Access & Capacity,NEGATIVE,2026-06,SFO,WAIT_TIME_QUEUE | RESERVATION_SYSTEM,1
AMEX,Access & Capacity,NEGATIVE,2026-07,,ACCESS_EXPERIENCE,4
AMEX,Access & Capacity,NEGATIVE,2026-07,,CROWDING,7
AMEX,Access & Capacity,NEGATIVE,2026-07,,CROWDING | WAIT_TIME_QUEUE | SEATING_AVAILABILITY,1
AMEX,Access & Capacity,NEGATIVE,2026-07,,WAIT_TIME_QUEUE,2
AMEX,Access & Capacity,NEGATIVE,2026-07,DEN,CROWDING | WAIT_TIME_QUEUE,1
AMEX,Access & Capacity,NEGATIVE,2026-07,DFW,CROWDING | WAIT_TIME_QUEUE,2
AMEX,Access & Capacity,NEGATIVE,2026-07,DFW,WAIT_TIME_QUEUE | RESERVATION_SYSTEM,1
AMEX,Access & Capacity,NEGATIVE,2026-07,DFW,WAIT_TIME_QUEUE | SEATING_AVAILABILITY,1
AMEX,Access & Capacity,NEGATIVE,2026-07,JFK,ACCESS_EXPERIENCE,1
AMEX,Access & Capacity,NEGATIVE,2026-07,LAS,CROWDING,1
AMEX,Access & Capacity,NEGATIVE,2026-07,LAS,WAIT_TIME_QUEUE,1
AMEX,Access & Capacity,NEGATIVE,2026-07,PHL,CROWDING,1
AMEX,Access & Capacity,NEGATIVE,2026-07,PHX,WAIT_TIME_QUEUE,1
AMEX,Access & Capacity,NEGATIVE,2026-07,SEA,CROWDING | ACCESS_EXPERIENCE,1
AMEX,Access & Capacity,NEGATIVE,2026-07,SFO,CROWDING,1
AMEX,Access & Capacity,NEGATIVE,2026-08,,CROWDING,5
AMEX,Access & Capacity,NEGATIVE,2026-08,,CROWDING | SEATING_AVAILABILITY,1
AMEX,Access & Capacity,NEGATIVE,2026-08,,CROWDING | WAIT_TIME_QUEUE,3
AMEX,Access & Capacity,NEGATIVE,2026-08,,CROWDING | WAIT_TIME_QUEUE | ACCESS_EXPERIENCE,1
AMEX,Access & Capacity,NEGATIVE,2026-08,,RESERVATION_SYSTEM,1
AMEX,Access & Capacity,NEGATIVE,2026-08,,WAIT_TIME_QUEUE | RESERVATION_SYSTEM,1
AMEX,Access & Capacity,NEGATIVE,2026-08,DFW,WAIT_TIME_QUEUE,2
AMEX,Access & Capacity,NEGATIVE,2026-08,JFK,CROWDING,1
AMEX,Access & Capacity,NEGATIVE,2026-08,LGA,CROWDING,2
AMEX,Access & Capacity,NEGATIVE,2026-08,PHL,WAIT_TIME_QUEUE,1
AMEX,Access & Capacity,POSITIVE,2026-01,,WAIT_TIME_QUEUE,1
AMEX,Access & Capacity,POSITIVE,2026-01,CLT,WAIT_TIME_QUEUE,1
AMEX,Access & Capacity,POSITIVE,2026-01,LAS,WAIT_TIME_QUEUE,1
AMEX,Access & Capacity,POSITIVE,2026-01,SEA,WAIT_TIME_QUEUE,1
AMEX,Access & Capacity,POSITIVE,2026-01,SLC,SEATING_AVAILABILITY,1
AMEX,Access & Capacity,POSITIVE,2026-02,,ACCESS_EXPERIENCE,1
AMEX,Access & Capacity,POSITIVE,2026-02,,WAIT_TIME_QUEUE,1
AMEX,Access & Capacity,POSITIVE,2026-02,HND,ACCESS_EXPERIENCE,1
AMEX,Access & Capacity,POSITIVE,2026-03,,ACCESS_EXPERIENCE,2
AMEX,Access & Capacity,POSITIVE,2026-03,,WAIT_TIME_QUEUE,1
AMEX,Access & Capacity,POSITIVE,2026-03,ATL,ACCESS_EXPERIENCE,1
AMEX,Access & Capacity,POSITIVE,2026-03,LAS,CROWDING,1
AMEX,Access & Capacity,POSITIVE,2026-04,,CROWDING,1
AMEX,Access & Capacity,POSITIVE,2026-04,,WAIT_TIME_QUEUE,1
AMEX,Access & Capacity,POSITIVE,2026-04,LAS,ACCESS_EXPERIENCE,1
AMEX,Access & Capacity,POSITIVE,2026-04,LGA,SEATING_AVAILABILITY,1
AMEX,Access & Capacity,POSITIVE,2026-04,MULTIPLE,WAIT_TIME_QUEUE,1
AMEX,Access & Capacity,POSITIVE,2026-04,SEA,WAIT_TIME_QUEUE,1
AMEX,Access & Capacity,POSITIVE,2026-04,SLC,WAIT_TIME_QUEUE,1
AMEX,Access & Capacity,POSITIVE,2026-05,,WAIT_TIME_QUEUE | ACCESS_EXPERIENCE,1
AMEX,Access & Capacity,POSITIVE,2026-06,,ACCESS_EXPERIENCE,3
AMEX,Access & Capacity,POSITIVE,2026-06,,CROWDING,1
AMEX,Access & Capacity,POSITIVE,2026-06,,CROWDING | WAIT_TIME_QUEUE | RESERVATION_SYSTEM,1
AMEX,Access & Capacity,POSITIVE,2026-06,,WAIT_TIME_QUEUE,2
AMEX,Access & Capacity,POSITIVE,2026-06,,WAIT_TIME_QUEUE | RESERVATION_SYSTEM,1
AMEX,Access & Capacity,POSITIVE,2026-06,CLT,SEATING_AVAILABILITY,1
AMEX,Access & Capacity,POSITIVE,2026-06,IAH,WAIT_TIME_QUEUE | RESERVATION_SYSTEM,1
AMEX,Access & Capacity,POSITIVE,2026-06,SEA,CROWDING | WAIT_TIME_QUEUE | SEATING_AVAILABILITY | ACCESS_EXPERIENCE,1
AMEX,Access & Capacity,POSITIVE,2026-06,SFO,ACCESS_EXPERIENCE,1
AMEX,Access & Capacity,POSITIVE,2026-07,,ACCESS_EXPERIENCE,1
AMEX,Access & Capacity,POSITIVE,2026-07,,CROWDING,1
AMEX,Access & Capacity,POSITIVE,2026-07,,CROWDING | RESERVATION_SYSTEM,1
AMEX,Access & Capacity,POSITIVE,2026-07,LAS,CROWDING | WAIT_TIME_QUEUE,1
AMEX,Access & Capacity,POSITIVE,2026-07,PHL,CROWDING,1
AMEX,Access & Capacity,POSITIVE,2026-07,PHX,WAIT_TIME_QUEUE,1
AMEX,Access & Capacity,POSITIVE,2026-08,,CROWDING,1
AMEX,Access & Capacity,POSITIVE,2026-08,,WAIT_TIME_QUEUE,1
AMEX,Access & Capacity,POSITIVE,2026-08,MIA,WAIT_TIME_QUEUE | RESERVATION_SYSTEM,1
AMEX,Access & Capacity,POSITIVE,2026-08,MULTIPLE,WAIT_TIME_QUEUE,1
AMEX,Food & Beverage,MIXED_NEUTRAL,2026-01,,FOOD_QUALITY | BEVERAGE_BAR,1
AMEX,Food & Beverage,MIXED_NEUTRAL,2026-01,DFW,FOOD_QUALITY,1
AMEX,Food & Beverage,MIXED_NEUTRAL,2026-01,MULTIPLE,FOOD_QUALITY,1
AMEX,Food & Beverage,MIXED_NEUTRAL,2026-01,SEA,FOOD_QUALITY,1
AMEX,Food & Beverage,MIXED_NEUTRAL,2026-02,,FOOD_QUALITY | FOOD_AVAILABILITY | BEVERAGE_BAR,1
AMEX,Food & Beverage,MIXED_NEUTRAL,2026-03,MULTIPLE,FOOD_QUALITY,1
AMEX,Food & Beverage,MIXED_NEUTRAL,2026-04,,BEVERAGE_BAR,1
AMEX,Food & Beverage,MIXED_NEUTRAL,2026-04,DFW,BEVERAGE_BAR,1
AMEX,Food & Beverage,MIXED_NEUTRAL,2026-04,DFW,FOOD_QUALITY,1
AMEX,Food & Beverage,MIXED_NEUTRAL,2026-04,DFW,FOOD_QUALITY | BEVERAGE_BAR,1
AMEX,Food & Beverage,MIXED_NEUTRAL,2026-04,DFW,FOOD_QUALITY | FOOD_AVAILABILITY,1
AMEX,Food & Beverage,MIXED_NEUTRAL,2026-04,DFW,FOOD_QUALITY | FOOD_AVAILABILITY | BEVERAGE_BAR,1
AMEX,Food & Beverage,MIXED_NEUTRAL,2026-04,JFK,FOOD_QUALITY | FOOD_AVAILABILITY | BEVERAGE_BAR,1
AMEX,Food & Beverage,MIXED_NEUTRAL,2026-04,MULTIPLE,FOOD_QUALITY,2
AMEX,Food & Beverage,MIXED_NEUTRAL,2026-05,MULTIPLE,FOOD_QUALITY,1
AMEX,Food & Beverage,MIXED_NEUTRAL,2026-06,,FOOD_QUALITY | FOOD_AVAILABILITY | BEVERAGE_BAR,1
AMEX,Food & Beverage,MIXED_NEUTRAL,2026-07,,FOOD_QUALITY,1
AMEX,Food & Beverage,MIXED_NEUTRAL,2026-07,,FOOD_QUALITY | BEVERAGE_BAR,1
AMEX,Food & Beverage,MIXED_NEUTRAL,2026-07,JFK,FOOD_QUALITY,1
AMEX,Food & Beverage,MIXED_NEUTRAL,2026-07,LAS,FOOD_QUALITY | BEVERAGE_BAR,1
AMEX,Food & Beverage,MIXED_NEUTRAL,2026-08,,FOOD_QUALITY | BEVERAGE_BAR,1
AMEX,Food & Beverage,NEGATIVE,2026-01,,FOOD_AVAILABILITY,2
AMEX,Food & Beverage,NEGATIVE,2026-01,,FOOD_QUALITY,3
AMEX,Food & Beverage,NEGATIVE,2026-01,,FOOD_QUALITY | BEVERAGE_BAR,1
AMEX,Food & Beverage,NEGATIVE,2026-01,LAS,FOOD_QUALITY | BEVERAGE_BAR,1
AMEX,Food & Beverage,NEGATIVE,2026-01,LAX,FOOD_QUALITY,3
AMEX,Food & Beverage,NEGATIVE,2026-01,SEA,BEVERAGE_BAR,1
AMEX,Food & Beverage,NEGATIVE,2026-01,SLC,FOOD_QUALITY,1
AMEX,Food & Beverage,NEGATIVE,2026-02,,BEVERAGE_BAR,1
AMEX,Food & Beverage,NEGATIVE,2026-02,,FOOD_QUALITY,2
AMEX,Food & Beverage,NEGATIVE,2026-02,ATL,FOOD_QUALITY,1
AMEX,Food & Beverage,NEGATIVE,2026-02,CLT,FOOD_QUALITY,1
AMEX,Food & Beverage,NEGATIVE,2026-02,DFW,FOOD_AVAILABILITY,1
AMEX,Food & Beverage,NEGATIVE,2026-02,DFW,FOOD_QUALITY,1
AMEX,Food & Beverage,NEGATIVE,2026-02,JFK,FOOD_AVAILABILITY,1
AMEX,Food & Beverage,NEGATIVE,2026-02,PHL,FOOD_QUALITY,1
AMEX,Food & Beverage,NEGATIVE,2026-02,PHX,FOOD_AVAILABILITY,1
AMEX,Food & Beverage,NEGATIVE,2026-02,PHX,FOOD_QUALITY | BEVERAGE_BAR,1
AMEX,Food & Beverage,NEGATIVE,2026-03,,BEVERAGE_BAR,1
AMEX,Food & Beverage,NEGATIVE,2026-03,,FOOD_QUALITY,1
AMEX,Food & Beverage,NEGATIVE,2026-04,,FOOD_QUALITY,4
AMEX,Food & Beverage,NEGATIVE,2026-05,,FOOD_QUALITY,3
AMEX,Food & Beverage,NEGATIVE,2026-05,DFW,FOOD_QUALITY,1
AMEX,Food & Beverage,NEGATIVE,2026-06,,FOOD_QUALITY,3
AMEX,Food & Beverage,NEGATIVE,2026-06,,FOOD_QUALITY | BEVERAGE_BAR,1
AMEX,Food & Beverage,NEGATIVE,2026-07,,FOOD_AVAILABILITY | BEVERAGE_BAR,1
AMEX,Food & Beverage,NEGATIVE,2026-07,,FOOD_QUALITY,1
AMEX,Food & Beverage,NEGATIVE,2026-07,,FOOD_QUALITY | BEVERAGE_BAR,1
AMEX,Food & Beverage,NEGATIVE,2026-07,,FOOD_QUALITY | FOOD_AVAILABILITY,1
AMEX,Food & Beverage,NEGATIVE,2026-07,ATL,FOOD_QUALITY | BEVERAGE_BAR,1
AMEX,Food & Beverage,NEGATIVE,2026-07,JFK,FOOD_QUALITY,1
AMEX,Food & Beverage,NEGATIVE,2026-08,,BEVERAGE_BAR,1
AMEX,Food & Beverage,NEGATIVE,2026-08,,FOOD_QUALITY,4
AMEX,Food & Beverage,NEGATIVE,2026-08,,FOOD_QUALITY | BEVERAGE_BAR,1
AMEX,Food & Beverage,NEGATIVE,2026-08,,FOOD_QUALITY | FOOD_AVAILABILITY,1
AMEX,Food & Beverage,NEGATIVE,2026-08,JFK,FOOD_AVAILABILITY,1
AMEX,Food & Beverage,NEGATIVE,2026-08,PHL,FOOD_QUALITY | FOOD_AVAILABILITY,1
AMEX,Food & Beverage,POSITIVE,2026-01,,BEVERAGE_BAR,1
AMEX,Food & Beverage,POSITIVE,2026-01,,FOOD_QUALITY,8
AMEX,Food & Beverage,POSITIVE,2026-01,,FOOD_QUALITY | BEVERAGE_BAR,1
AMEX,Food & Beverage,POSITIVE,2026-01,DCA,BEVERAGE_BAR,1
AMEX,Food & Beverage,POSITIVE,2026-01,JFK,FOOD_QUALITY,1
AMEX,Food & Beverage,POSITIVE,2026-01,LGA,FOOD_QUALITY,2
AMEX,Food & Beverage,POSITIVE,2026-01,PHX,FOOD_QUALITY,1
AMEX,Food & Beverage,POSITIVE,2026-01,SEA,FOOD_QUALITY,1
AMEX,Food & Beverage,POSITIVE,2026-01,SEA,FOOD_QUALITY | BEVERAGE_BAR,1
AMEX,Food & Beverage,POSITIVE,2026-01,SLC,FOOD_QUALITY,1
AMEX,Food & Beverage,POSITIVE,2026-02,,BEVERAGE_BAR,3
AMEX,Food & Beverage,POSITIVE,2026-02,,FOOD_QUALITY,2
AMEX,Food & Beverage,POSITIVE,2026-02,,FOOD_QUALITY | BEVERAGE_BAR,1
AMEX,Food & Beverage,POSITIVE,2026-02,ATL,BEVERAGE_BAR,1
AMEX,Food & Beverage,POSITIVE,2026-02,LAX,FOOD_QUALITY | BEVERAGE_BAR,1
AMEX,Food & Beverage,POSITIVE,2026-02,MULTIPLE,FOOD_QUALITY | BEVERAGE_BAR,1
AMEX,Food & Beverage,POSITIVE,2026-02,PHX,FOOD_QUALITY,1
AMEX,Food & Beverage,POSITIVE,2026-02,SEA,FOOD_QUALITY | BEVERAGE_BAR,1
AMEX,Food & Beverage,POSITIVE,2026-03,CLT,FOOD_QUALITY | BEVERAGE_BAR,1
AMEX,Food & Beverage,POSITIVE,2026-03,JFK,BEVERAGE_BAR,1
AMEX,Food & Beverage,POSITIVE,2026-03,LAS,FOOD_QUALITY,1
AMEX,Food & Beverage,POSITIVE,2026-03,SLC,FOOD_QUALITY,1
AMEX,Food & Beverage,POSITIVE,2026-04,,FOOD_QUALITY,6
AMEX,Food & Beverage,POSITIVE,2026-04,LAS,FOOD_AVAILABILITY,1
AMEX,Food & Beverage,POSITIVE,2026-04,LGA,FOOD_QUALITY | BEVERAGE_BAR,1
AMEX,Food & Beverage,POSITIVE,2026-04,SLC,BEVERAGE_BAR,2
AMEX,Food & Beverage,POSITIVE,2026-05,,BEVERAGE_BAR,1
AMEX,Food & Beverage,POSITIVE,2026-05,,FOOD_QUALITY | BEVERAGE_BAR,1
AMEX,Food & Beverage,POSITIVE,2026-05,,FOOD_QUALITY | FOOD_AVAILABILITY,2
AMEX,Food & Beverage,POSITIVE,2026-05,LGA,FOOD_QUALITY,2
AMEX,Food & Beverage,POSITIVE,2026-05,SEA,BEVERAGE_BAR,1
AMEX,Food & Beverage,POSITIVE,2026-06,,FOOD_QUALITY,6
AMEX,Food & Beverage,POSITIVE,2026-06,,FOOD_QUALITY | BEVERAGE_BAR,2
AMEX,Food & Beverage,POSITIVE,2026-06,,FOOD_QUALITY | FOOD_AVAILABILITY,1
AMEX,Food & Beverage,POSITIVE,2026-06,ATL,FOOD_QUALITY,1
AMEX,Food & Beverage,POSITIVE,2026-06,ATL,FOOD_QUALITY | BEVERAGE_BAR,1
AMEX,Food & Beverage,POSITIVE,2026-06,CLT,FOOD_QUALITY,1
AMEX,Food & Beverage,POSITIVE,2026-06,LAS,FOOD_QUALITY | BEVERAGE_BAR,1
AMEX,Food & Beverage,POSITIVE,2026-06,LHR,FOOD_AVAILABILITY,1
AMEX,Food & Beverage,POSITIVE,2026-06,LHR,FOOD_QUALITY | BEVERAGE_BAR,1
AMEX,Food & Beverage,POSITIVE,2026-06,SEA,FOOD_QUALITY,1
AMEX,Food & Beverage,POSITIVE,2026-06,SFO,FOOD_QUALITY,1
AMEX,Food & Beverage,POSITIVE,2026-06,SFO,FOOD_QUALITY | FOOD_AVAILABILITY,1
AMEX,Food & Beverage,POSITIVE,2026-06,SLC,FOOD_QUALITY,1
AMEX,Food & Beverage,POSITIVE,2026-07,,FOOD_QUALITY,2
AMEX,Food & Beverage,POSITIVE,2026-07,,FOOD_QUALITY | BEVERAGE_BAR,1
AMEX,Food & Beverage,POSITIVE,2026-07,ATL,FOOD_AVAILABILITY,1
AMEX,Food & Beverage,POSITIVE,2026-07,LAS,FOOD_QUALITY | BEVERAGE_BAR,1
AMEX,Food & Beverage,POSITIVE,2026-07,PHL,FOOD_QUALITY,1
AMEX,Food & Beverage,POSITIVE,2026-07,PHX,FOOD_QUALITY | BEVERAGE_BAR,1
AMEX,Food & Beverage,POSITIVE,2026-08,,FOOD_QUALITY,1
AMEX,Food & Beverage,POSITIVE,2026-08,,FOOD_QUALITY | FOOD_AVAILABILITY | BEVERAGE_BAR,1
AMEX,Food & Beverage,POSITIVE,2026-08,HKG,FOOD_AVAILABILITY,1
AMEX,Food & Beverage,POSITIVE,2026-08,MULTIPLE,FOOD_QUALITY | BEVERAGE_BAR,1
AMEX,General Lounge Experience,MIXED_NEUTRAL,2026-02,,OVERALL_EXPERIENCE,2
AMEX,General Lounge Experience,MIXED_NEUTRAL,2026-02,ATL,OVERALL_EXPERIENCE,2
AMEX,General Lounge Experience,MIXED_NEUTRAL,2026-02,JFK,OVERALL_EXPERIENCE,1
AMEX,General Lounge Experience,MIXED_NEUTRAL,2026-02,MULTIPLE,OVERALL_EXPERIENCE,4
AMEX,General Lounge Experience,MIXED_NEUTRAL,2026-02,PHX,OVERALL_EXPERIENCE,1
AMEX,General Lounge Experience,MIXED_NEUTRAL,2026-03,,OVERALL_EXPERIENCE,1
AMEX,General Lounge Experience,MIXED_NEUTRAL,2026-04,,OVERALL_EXPERIENCE,1
AMEX,General Lounge Experience,MIXED_NEUTRAL,2026-04,ATL,OVERALL_EXPERIENCE,1
AMEX,General Lounge Experience,MIXED_NEUTRAL,2026-04,MULTIPLE,OVERALL_EXPERIENCE,1
AMEX,General Lounge Experience,MIXED_NEUTRAL,2026-05,,OVERALL_EXPERIENCE,1
AMEX,General Lounge Experience,MIXED_NEUTRAL,2026-05,MULTIPLE,OVERALL_EXPERIENCE,1
AMEX,General Lounge Experience,MIXED_NEUTRAL,2026-06,,OVERALL_EXPERIENCE,2
AMEX,General Lounge Experience,MIXED_NEUTRAL,2026-06,CLT,OVERALL_EXPERIENCE,1
AMEX,General Lounge Experience,MIXED_NEUTRAL,2026-06,LHR,OVERALL_EXPERIENCE,1
AMEX,General Lounge Experience,MIXED_NEUTRAL,2026-06,MULTIPLE,OVERALL_EXPERIENCE,1
AMEX,General Lounge Experience,MIXED_NEUTRAL,2026-07,JFK,OVERALL_EXPERIENCE,1
AMEX,General Lounge Experience,MIXED_NEUTRAL,2026-07,LGA,OVERALL_EXPERIENCE,1
AMEX,General Lounge Experience,MIXED_NEUTRAL,2026-07,MULTIPLE,OVERALL_EXPERIENCE,1
AMEX,General Lounge Experience,MIXED_NEUTRAL,2026-08,,OVERALL_EXPERIENCE,6
AMEX,General Lounge Experience,NEGATIVE,2026-01,,OVERALL_EXPERIENCE,14
AMEX,General Lounge Experience,NEGATIVE,2026-01,LAX,OVERALL_EXPERIENCE,5
AMEX,General Lounge Experience,NEGATIVE,2026-01,PHX,OVERALL_EXPERIENCE,1
AMEX,General Lounge Experience,NEGATIVE,2026-02,,OVERALL_EXPERIENCE,11
AMEX,General Lounge Experience,NEGATIVE,2026-02,ATL,OVERALL_EXPERIENCE,2
AMEX,General Lounge Experience,NEGATIVE,2026-02,JFK,OVERALL_EXPERIENCE,4
AMEX,General Lounge Experience,NEGATIVE,2026-02,LAX,OVERALL_EXPERIENCE,4
AMEX,General Lounge Experience,NEGATIVE,2026-02,MULTIPLE,OVERALL_EXPERIENCE,1
AMEX,General Lounge Experience,NEGATIVE,2026-02,PHL,OVERALL_EXPERIENCE,2
AMEX,General Lounge Experience,NEGATIVE,2026-02,PHX,OVERALL_EXPERIENCE,2
AMEX,General Lounge Experience,NEGATIVE,2026-03,,OVERALL_EXPERIENCE,6
AMEX,General Lounge Experience,NEGATIVE,2026-03,JFK,OVERALL_EXPERIENCE,1
AMEX,General Lounge Experience,NEGATIVE,2026-04,,OVERALL_EXPERIENCE,17
AMEX,General Lounge Experience,NEGATIVE,2026-04,DFW,OVERALL_EXPERIENCE,1
AMEX,General Lounge Experience,NEGATIVE,2026-04,JFK,OVERALL_EXPERIENCE,2
AMEX,General Lounge Experience,NEGATIVE,2026-04,LAX,OVERALL_EXPERIENCE,3
AMEX,General Lounge Experience,NEGATIVE,2026-04,LGA,OVERALL_EXPERIENCE,1
AMEX,General Lounge Experience,NEGATIVE,2026-05,,OVERALL_EXPERIENCE,5
AMEX,General Lounge Experience,NEGATIVE,2026-05,DEN,OVERALL_EXPERIENCE,1
AMEX,General Lounge Experience,NEGATIVE,2026-05,DFW,OVERALL_EXPERIENCE,2
AMEX,General Lounge Experience,NEGATIVE,2026-05,LGA,OVERALL_EXPERIENCE,1
AMEX,General Lounge Experience,NEGATIVE,2026-06,,OVERALL_EXPERIENCE,10
AMEX,General Lounge Experience,NEGATIVE,2026-06,ATL,OVERALL_EXPERIENCE,1
AMEX,General Lounge Experience,NEGATIVE,2026-06,CLT,OVERALL_EXPERIENCE,1
AMEX,General Lounge Experience,NEGATIVE,2026-06,JFK,OVERALL_EXPERIENCE,3
AMEX,General Lounge Experience,NEGATIVE,2026-06,LAS,OVERALL_EXPERIENCE,1
AMEX,General Lounge Experience,NEGATIVE,2026-06,LAX,OVERALL_EXPERIENCE,1
AMEX,General Lounge Experience,NEGATIVE,2026-06,LGA,OVERALL_EXPERIENCE,2
AMEX,General Lounge Experience,NEGATIVE,2026-06,LHR,OVERALL_EXPERIENCE,1
AMEX,General Lounge Experience,NEGATIVE,2026-06,MEX,OVERALL_EXPERIENCE,1
AMEX,General Lounge Experience,NEGATIVE,2026-06,SFO,OVERALL_EXPERIENCE,2
AMEX,General Lounge Experience,NEGATIVE,2026-07,,OVERALL_EXPERIENCE,16
AMEX,General Lounge Experience,NEGATIVE,2026-07,JFK,OVERALL_EXPERIENCE,3
AMEX,General Lounge Experience,NEGATIVE,2026-07,LAS,OVERALL_EXPERIENCE,1
AMEX,General Lounge Experience,NEGATIVE,2026-08,,OVERALL_EXPERIENCE,19
AMEX,General Lounge Experience,NEGATIVE,2026-08,JFK,OVERALL_EXPERIENCE,1
AMEX,General Lounge Experience,NEGATIVE,2026-08,LAS,OVERALL_EXPERIENCE,1
AMEX,General Lounge Experience,NEGATIVE,2026-08,LAX,OVERALL_EXPERIENCE,1
AMEX,General Lounge Experience,NEGATIVE,2026-08,PHL,OVERALL_EXPERIENCE,1
AMEX,General Lounge Experience,NEGATIVE,2026-08,PHX,OVERALL_EXPERIENCE,1
AMEX,General Lounge Experience,NEGATIVE,2026-08,SEA,OVERALL_EXPERIENCE,1
AMEX,General Lounge Experience,POSITIVE,2026-01,,OVERALL_EXPERIENCE,11
AMEX,General Lounge Experience,POSITIVE,2026-01,ATL,OVERALL_EXPERIENCE,1
AMEX,General Lounge Experience,POSITIVE,2026-01,CLT,OVERALL_EXPERIENCE,1
AMEX,General Lounge Experience,POSITIVE,2026-01,HKG,OVERALL_EXPERIENCE,2
AMEX,General Lounge Experience,POSITIVE,2026-01,LGA,OVERALL_EXPERIENCE,1
AMEX,General Lounge Experience,POSITIVE,2026-01,PHX,OVERALL_EXPERIENCE,1
AMEX,General Lounge Experience,POSITIVE,2026-01,SEA,OVERALL_EXPERIENCE,1
AMEX,General Lounge Experience,POSITIVE,2026-01,SLC,OVERALL_EXPERIENCE,2
AMEX,General Lounge Experience,POSITIVE,2026-02,,OVERALL_EXPERIENCE,3
AMEX,General Lounge Experience,POSITIVE,2026-02,ATL,OVERALL_EXPERIENCE,3
AMEX,General Lounge Experience,POSITIVE,2026-02,DFW,OVERALL_EXPERIENCE,1
AMEX,General Lounge Experience,POSITIVE,2026-02,LAX,OVERALL_EXPERIENCE,1
AMEX,General Lounge Experience,POSITIVE,2026-02,MULTIPLE,OVERALL_EXPERIENCE,1
AMEX,General Lounge Experience,POSITIVE,2026-02,PHX,OVERALL_EXPERIENCE,1
AMEX,General Lounge Experience,POSITIVE,2026-02,SEA,OVERALL_EXPERIENCE,1
AMEX,General Lounge Experience,POSITIVE,2026-03,,OVERALL_EXPERIENCE,3
AMEX,General Lounge Experience,POSITIVE,2026-03,ATL,OVERALL_EXPERIENCE,1
AMEX,General Lounge Experience,POSITIVE,2026-03,CLT,OVERALL_EXPERIENCE,1
AMEX,General Lounge Experience,POSITIVE,2026-03,LAS,OVERALL_EXPERIENCE,1
AMEX,General Lounge Experience,POSITIVE,2026-03,SFO,OVERALL_EXPERIENCE,1
AMEX,General Lounge Experience,POSITIVE,2026-04,,OVERALL_EXPERIENCE,5
AMEX,General Lounge Experience,POSITIVE,2026-04,ATL,OVERALL_EXPERIENCE,1
AMEX,General Lounge Experience,POSITIVE,2026-04,JFK,OVERALL_EXPERIENCE,1
AMEX,General Lounge Experience,POSITIVE,2026-04,LAS,OVERALL_EXPERIENCE,1
AMEX,General Lounge Experience,POSITIVE,2026-04,LHR,OVERALL_EXPERIENCE,1
AMEX,General Lounge Experience,POSITIVE,2026-05,,OVERALL_EXPERIENCE,3
AMEX,General Lounge Experience,POSITIVE,2026-05,ATL,OVERALL_EXPERIENCE,1
AMEX,General Lounge Experience,POSITIVE,2026-05,MIA,OVERALL_EXPERIENCE,1
AMEX,General Lounge Experience,POSITIVE,2026-05,PHX,OVERALL_EXPERIENCE,1
AMEX,General Lounge Experience,POSITIVE,2026-05,SEA,OVERALL_EXPERIENCE,1
AMEX,General Lounge Experience,POSITIVE,2026-05,SLC,OVERALL_EXPERIENCE,1
AMEX,General Lounge Experience,POSITIVE,2026-06,,OVERALL_EXPERIENCE,14
AMEX,General Lounge Experience,POSITIVE,2026-06,DFW,OVERALL_EXPERIENCE,1
AMEX,General Lounge Experience,POSITIVE,2026-06,FRA,OVERALL_EXPERIENCE,1
AMEX,General Lounge Experience,POSITIVE,2026-06,LAS,OVERALL_EXPERIENCE,3
AMEX,General Lounge Experience,POSITIVE,2026-06,MEX,OVERALL_EXPERIENCE,1
AMEX,General Lounge Experience,POSITIVE,2026-06,MULTIPLE,OVERALL_EXPERIENCE,1
AMEX,General Lounge Experience,POSITIVE,2026-06,SFO,OVERALL_EXPERIENCE,1
AMEX,General Lounge Experience,POSITIVE,2026-06,SLC,OVERALL_EXPERIENCE,2
AMEX,General Lounge Experience,POSITIVE,2026-07,,OVERALL_EXPERIENCE,11
AMEX,General Lounge Experience,POSITIVE,2026-07,ATL,OVERALL_EXPERIENCE,1
AMEX,General Lounge Experience,POSITIVE,2026-07,LAS,OVERALL_EXPERIENCE,1
AMEX,General Lounge Experience,POSITIVE,2026-07,PHL,OVERALL_EXPERIENCE,1
AMEX,General Lounge Experience,POSITIVE,2026-07,PHX,OVERALL_EXPERIENCE,2
AMEX,General Lounge Experience,POSITIVE,2026-08,,OVERALL_EXPERIENCE,3
AMEX,General Lounge Experience,POSITIVE,2026-08,HKG,OVERALL_EXPERIENCE,1
AMEX,Service & Upkeep,MIXED_NEUTRAL,2026-01,,STAFF_SERVICE,1
AMEX,Service & Upkeep,MIXED_NEUTRAL,2026-02,DFW,STAFF_SERVICE | CLEANLINESS,1
AMEX,Service & Upkeep,MIXED_NEUTRAL,2026-02,PHL,STAFF_SERVICE,1
AMEX,Service & Upkeep,MIXED_NEUTRAL,2026-07,IAH,STAFF_SERVICE,1
AMEX,Service & Upkeep,NEGATIVE,2026-01,,CLEANLINESS,1
AMEX,Service & Upkeep,NEGATIVE,2026-01,,STAFF_SERVICE | CLEANLINESS,1
AMEX,Service & Upkeep,NEGATIVE,2026-01,LAX,STAFF_SERVICE,1
AMEX,Service & Upkeep,NEGATIVE,2026-02,,STAFF_SERVICE,1
AMEX,Service & Upkeep,NEGATIVE,2026-02,ATL,CLEANLINESS,1
AMEX,Service & Upkeep,NEGATIVE,2026-02,CLT,STAFF_SERVICE,1
AMEX,Service & Upkeep,NEGATIVE,2026-02,DFW,CLEANLINESS,1
AMEX,Service & Upkeep,NEGATIVE,2026-02,JFK,CLEANLINESS,2
AMEX,Service & Upkeep,NEGATIVE,2026-02,PHX,STAFF_SERVICE | CLEANLINESS,1
AMEX,Service & Upkeep,NEGATIVE,2026-03,MIA,STAFF_SERVICE,1
AMEX,Service & Upkeep,NEGATIVE,2026-04,,CLEANLINESS,1
AMEX,Service & Upkeep,NEGATIVE,2026-04,,STAFF_SERVICE,2
AMEX,Service & Upkeep,NEGATIVE,2026-04,LGA,STAFF_SERVICE,1
AMEX,Service & Upkeep,NEGATIVE,2026-04,SLC,CLEANLINESS,1
AMEX,Service & Upkeep,NEGATIVE,2026-06,,STAFF_SERVICE,2
AMEX,Service & Upkeep,NEGATIVE,2026-07,,CLEANLINESS,1
AMEX,Service & Upkeep,NEGATIVE,2026-07,,STAFF_SERVICE,1
AMEX,Service & Upkeep,NEGATIVE,2026-08,,CLEANLINESS,1
AMEX,Service & Upkeep,POSITIVE,2026-01,,STAFF_SERVICE | CLEANLINESS,1
AMEX,Service & Upkeep,POSITIVE,2026-01,LAS,STAFF_SERVICE,1
AMEX,Service & Upkeep,POSITIVE,2026-01,SEA,STAFF_SERVICE,1
AMEX,Service & Upkeep,POSITIVE,2026-01,SLC,STAFF_SERVICE,1
AMEX,Service & Upkeep,POSITIVE,2026-02,PHX,STAFF_SERVICE,1
AMEX,Service & Upkeep,POSITIVE,2026-03,LAS,STAFF_SERVICE,1
AMEX,Service & Upkeep,POSITIVE,2026-04,,STAFF_SERVICE,1
AMEX,Service & Upkeep,POSITIVE,2026-05,,STAFF_SERVICE,1
AMEX,Service & Upkeep,POSITIVE,2026-06,,STAFF_SERVICE,1
AMEX,Service & Upkeep,POSITIVE,2026-06,DFW,STAFF_SERVICE,1
AMEX,Service & Upkeep,POSITIVE,2026-06,HND,STAFF_SERVICE,1
AMEX,Service & Upkeep,POSITIVE,2026-06,LHR,CLEANLINESS,1
AMEX,Service & Upkeep,POSITIVE,2026-06,SEA,STAFF_SERVICE,1
AMEX,Service & Upkeep,POSITIVE,2026-06,SFO,STAFF_SERVICE,1
AMEX,Service & Upkeep,POSITIVE,2026-07,,STAFF_SERVICE,6
AMEX,Service & Upkeep,POSITIVE,2026-07,ATL,STAFF_SERVICE | CLEANLINESS,1
AMEX,Service & Upkeep,POSITIVE,2026-07,LAS,STAFF_SERVICE,1
AMEX,Service & Upkeep,POSITIVE,2026-07,SFO,STAFF_SERVICE,1
AMEX,Service & Upkeep,POSITIVE,2026-08,,STAFF_SERVICE,2
AMEX,"Space, Amenities & Convenience",MIXED_NEUTRAL,2026-01,,AMBIENCE_DESIGN | LOCATION_CONVENIENCE,1
AMEX,"Space, Amenities & Convenience",MIXED_NEUTRAL,2026-01,MULTIPLE,AMBIENCE_DESIGN,1
AMEX,"Space, Amenities & Convenience",MIXED_NEUTRAL,2026-01,MULTIPLE,AMBIENCE_DESIGN | LOCATION_CONVENIENCE,1
AMEX,"Space, Amenities & Convenience",MIXED_NEUTRAL,2026-02,,AMBIENCE_DESIGN | VALUE_FOR_MONEY,1
AMEX,"Space, Amenities & Convenience",MIXED_NEUTRAL,2026-02,LAX,AMBIENCE_DESIGN | LOCATION_CONVENIENCE,1
AMEX,"Space, Amenities & Convenience",MIXED_NEUTRAL,2026-03,,AMBIENCE_DESIGN,1
AMEX,"Space, Amenities & Convenience",MIXED_NEUTRAL,2026-04,,AMBIENCE_DESIGN | LOCATION_CONVENIENCE,1
AMEX,"Space, Amenities & Convenience",MIXED_NEUTRAL,2026-04,DFW,AMBIENCE_DESIGN | FAMILY_CHILDREN | VALUE_FOR_MONEY,1
AMEX,"Space, Amenities & Convenience",MIXED_NEUTRAL,2026-07,,AMBIENCE_DESIGN | FAMILY_CHILDREN,1
AMEX,"Space, Amenities & Convenience",MIXED_NEUTRAL,2026-08,,AMBIENCE_DESIGN | LOCATION_CONVENIENCE,1
AMEX,"Space, Amenities & Convenience",MIXED_NEUTRAL,2026-08,,VALUE_FOR_MONEY,1
AMEX,"Space, Amenities & Convenience",NEGATIVE,2026-01,,AMBIENCE_DESIGN,4
AMEX,"Space, Amenities & Convenience",NEGATIVE,2026-01,,AMENITIES,1
AMEX,"Space, Amenities & Convenience",NEGATIVE,2026-01,,FAMILY_CHILDREN,1
AMEX,"Space, Amenities & Convenience",NEGATIVE,2026-01,,OPERATING_HOURS,1
AMEX,"Space, Amenities & Convenience",NEGATIVE,2026-01,,VALUE_FOR_MONEY,2
AMEX,"Space, Amenities & Convenience",NEGATIVE,2026-01,LAX,AMBIENCE_DESIGN,2
AMEX,"Space, Amenities & Convenience",NEGATIVE,2026-01,LAX,AMBIENCE_DESIGN | LOCATION_CONVENIENCE,1
AMEX,"Space, Amenities & Convenience",NEGATIVE,2026-01,LGA,AMBIENCE_DESIGN,1
AMEX,"Space, Amenities & Convenience",NEGATIVE,2026-02,,AMBIENCE_DESIGN,3
AMEX,"Space, Amenities & Convenience",NEGATIVE,2026-02,,LOCATION_CONVENIENCE,1
AMEX,"Space, Amenities & Convenience",NEGATIVE,2026-02,,VALUE_FOR_MONEY,1
AMEX,"Space, Amenities & Convenience",NEGATIVE,2026-02,DFW,AMBIENCE_DESIGN,1
AMEX,"Space, Amenities & Convenience",NEGATIVE,2026-02,DFW,AMBIENCE_DESIGN | VALUE_FOR_MONEY,1
AMEX,"Space, Amenities & Convenience",NEGATIVE,2026-02,JFK,AMBIENCE_DESIGN,3
AMEX,"Space, Amenities & Convenience",NEGATIVE,2026-02,LAX,AMBIENCE_DESIGN,2
AMEX,"Space, Amenities & Convenience",NEGATIVE,2026-02,PHL,AMBIENCE_DESIGN,1
AMEX,"Space, Amenities & Convenience",NEGATIVE,2026-02,PHX,AMBIENCE_DESIGN,1
AMEX,"Space, Amenities & Convenience",NEGATIVE,2026-02,SFO,AMBIENCE_DESIGN,1
AMEX,"Space, Amenities & Convenience",NEGATIVE,2026-03,,AMBIENCE_DESIGN,2
AMEX,"Space, Amenities & Convenience",NEGATIVE,2026-03,,FAMILY_CHILDREN,1
AMEX,"Space, Amenities & Convenience",NEGATIVE,2026-04,,AMBIENCE_DESIGN,2
AMEX,"Space, Amenities & Convenience",NEGATIVE,2026-04,,FAMILY_CHILDREN,2
AMEX,"Space, Amenities & Convenience",NEGATIVE,2026-04,,VALUE_FOR_MONEY,3
AMEX,"Space, Amenities & Convenience",NEGATIVE,2026-04,ATL,AMBIENCE_DESIGN,1
AMEX,"Space, Amenities & Convenience",NEGATIVE,2026-04,DFW,AMBIENCE_DESIGN,2
AMEX,"Space, Amenities & Convenience",NEGATIVE,2026-04,JFK,VALUE_FOR_MONEY,1
AMEX,"Space, Amenities & Convenience",NEGATIVE,2026-04,LAX,LOCATION_CONVENIENCE,1
AMEX,"Space, Amenities & Convenience",NEGATIVE,2026-04,LGA,AMENITIES,1
AMEX,"Space, Amenities & Convenience",NEGATIVE,2026-04,LGA,LOCATION_CONVENIENCE,1
AMEX,"Space, Amenities & Convenience",NEGATIVE,2026-04,PHL,AMBIENCE_DESIGN,1
AMEX,"Space, Amenities & Convenience",NEGATIVE,2026-05,,AMBIENCE_DESIGN,1
AMEX,"Space, Amenities & Convenience",NEGATIVE,2026-05,,AMENITIES,1
AMEX,"Space, Amenities & Convenience",NEGATIVE,2026-05,,FAMILY_CHILDREN | VALUE_FOR_MONEY,1
AMEX,"Space, Amenities & Convenience",NEGATIVE,2026-05,,LOCATION_CONVENIENCE,2
AMEX,"Space, Amenities & Convenience",NEGATIVE,2026-05,,VALUE_FOR_MONEY,1
AMEX,"Space, Amenities & Convenience",NEGATIVE,2026-06,,AMBIENCE_DESIGN,3
AMEX,"Space, Amenities & Convenience",NEGATIVE,2026-06,,LOCATION_CONVENIENCE,1
AMEX,"Space, Amenities & Convenience",NEGATIVE,2026-06,LHR,AMBIENCE_DESIGN | VALUE_FOR_MONEY,1
AMEX,"Space, Amenities & Convenience",NEGATIVE,2026-07,,AMBIENCE_DESIGN,1
AMEX,"Space, Amenities & Convenience",NEGATIVE,2026-07,,AMBIENCE_DESIGN | FAMILY_CHILDREN,1
AMEX,"Space, Amenities & Convenience",NEGATIVE,2026-07,,AMENITIES,1
AMEX,"Space, Amenities & Convenience",NEGATIVE,2026-07,,FAMILY_CHILDREN,1
AMEX,"Space, Amenities & Convenience",NEGATIVE,2026-07,,LOCATION_CONVENIENCE,1
AMEX,"Space, Amenities & Convenience",NEGATIVE,2026-07,,VALUE_FOR_MONEY,1
AMEX,"Space, Amenities & Convenience",NEGATIVE,2026-07,ATL,VALUE_FOR_MONEY,1
AMEX,"Space, Amenities & Convenience",NEGATIVE,2026-07,JFK,AMBIENCE_DESIGN,1
AMEX,"Space, Amenities & Convenience",NEGATIVE,2026-07,PHX,AMBIENCE_DESIGN | AMENITIES,1
AMEX,"Space, Amenities & Convenience",NEGATIVE,2026-08,,AMBIENCE_DESIGN | AMENITIES | LOCATION_CONVENIENCE,1
AMEX,"Space, Amenities & Convenience",NEGATIVE,2026-08,,AMBIENCE_DESIGN | VALUE_FOR_MONEY,1
AMEX,"Space, Amenities & Convenience",NEGATIVE,2026-08,,FAMILY_CHILDREN,2
AMEX,"Space, Amenities & Convenience",NEGATIVE,2026-08,,LOCATION_CONVENIENCE | VALUE_FOR_MONEY,1
AMEX,"Space, Amenities & Convenience",NEGATIVE,2026-08,,OPERATING_HOURS,1
AMEX,"Space, Amenities & Convenience",NEGATIVE,2026-08,,VALUE_FOR_MONEY,1
AMEX,"Space, Amenities & Convenience",NEGATIVE,2026-08,,WIFI_WORKSPACE | FAMILY_CHILDREN,1
AMEX,"Space, Amenities & Convenience",NEGATIVE,2026-08,JFK,AMBIENCE_DESIGN | AMENITIES,1
AMEX,"Space, Amenities & Convenience",NEGATIVE,2026-08,LAX,AMBIENCE_DESIGN,1
AMEX,"Space, Amenities & Convenience",NEGATIVE,2026-08,SEA,WIFI_WORKSPACE | FAMILY_CHILDREN,1
AMEX,"Space, Amenities & Convenience",POSITIVE,2026-01,,AMBIENCE_DESIGN,1
AMEX,"Space, Amenities & Convenience",POSITIVE,2026-01,,AMBIENCE_DESIGN | AMENITIES,1
AMEX,"Space, Amenities & Convenience",POSITIVE,2026-01,HKG,AMBIENCE_DESIGN,1
AMEX,"Space, Amenities & Convenience",POSITIVE,2026-01,SEA,AMBIENCE_DESIGN,1
AMEX,"Space, Amenities & Convenience",POSITIVE,2026-02,,AMENITIES,2
AMEX,"Space, Amenities & Convenience",POSITIVE,2026-02,ATL,AMBIENCE_DESIGN,1
AMEX,"Space, Amenities & Convenience",POSITIVE,2026-02,DCA,AMBIENCE_DESIGN,1
AMEX,"Space, Amenities & Convenience",POSITIVE,2026-02,DFW,AMBIENCE_DESIGN,1
AMEX,"Space, Amenities & Convenience",POSITIVE,2026-02,LAX,VALUE_FOR_MONEY,1
AMEX,"Space, Amenities & Convenience",POSITIVE,2026-02,MIA,AMBIENCE_DESIGN,1
AMEX,"Space, Amenities & Convenience",POSITIVE,2026-02,PHX,AMBIENCE_DESIGN | LOCATION_CONVENIENCE,1
AMEX,"Space, Amenities & Convenience",POSITIVE,2026-02,SEA,AMBIENCE_DESIGN,1
AMEX,"Space, Amenities & Convenience",POSITIVE,2026-03,ATL,AMBIENCE_DESIGN,1
AMEX,"Space, Amenities & Convenience",POSITIVE,2026-03,CLT,VALUE_FOR_MONEY,1
AMEX,"Space, Amenities & Convenience",POSITIVE,2026-03,DFW,AMENITIES,1
AMEX,"Space, Amenities & Convenience",POSITIVE,2026-03,LAS,VALUE_FOR_MONEY,1
AMEX,"Space, Amenities & Convenience",POSITIVE,2026-04,,AMENITIES,2
AMEX,"Space, Amenities & Convenience",POSITIVE,2026-04,,AMENITIES | FAMILY_CHILDREN,1
AMEX,"Space, Amenities & Convenience",POSITIVE,2026-04,,AMENITIES | VALUE_FOR_MONEY,1
AMEX,"Space, Amenities & Convenience",POSITIVE,2026-04,DFW,WIFI_WORKSPACE,1
AMEX,"Space, Amenities & Convenience",POSITIVE,2026-04,SLC,AMBIENCE_DESIGN,1
AMEX,"Space, Amenities & Convenience",POSITIVE,2026-06,,AMBIENCE_DESIGN,1
AMEX,"Space, Amenities & Convenience",POSITIVE,2026-06,,AMBIENCE_DESIGN | LOCATION_CONVENIENCE | VALUE_FOR_MONEY,1
AMEX,"Space, Amenities & Convenience",POSITIVE,2026-06,,AMENITIES,1
AMEX,"Space, Amenities & Convenience",POSITIVE,2026-06,,LOCATION_CONVENIENCE,3
AMEX,"Space, Amenities & Convenience",POSITIVE,2026-06,,VALUE_FOR_MONEY,4
AMEX,"Space, Amenities & Convenience",POSITIVE,2026-06,CLT,WIFI_WORKSPACE | VALUE_FOR_MONEY,1
AMEX,"Space, Amenities & Convenience",POSITIVE,2026-06,DFW,AMBIENCE_DESIGN,1
AMEX,"Space, Amenities & Convenience",POSITIVE,2026-06,LGA,LOCATION_CONVENIENCE,1
AMEX,"Space, Amenities & Convenience",POSITIVE,2026-06,LHR,FAMILY_CHILDREN | VALUE_FOR_MONEY,1
AMEX,"Space, Amenities & Convenience",POSITIVE,2026-06,SFO,LOCATION_CONVENIENCE,1
AMEX,"Space, Amenities & Convenience",POSITIVE,2026-06,SLC,AMENITIES,1
AMEX,"Space, Amenities & Convenience",POSITIVE,2026-07,,AMBIENCE_DESIGN | AMENITIES,2
AMEX,"Space, Amenities & Convenience",POSITIVE,2026-07,,AMBIENCE_DESIGN | FAMILY_CHILDREN,1
AMEX,"Space, Amenities & Convenience",POSITIVE,2026-07,,AMBIENCE_DESIGN | LOCATION_CONVENIENCE,1
AMEX,"Space, Amenities & Convenience",POSITIVE,2026-07,,LOCATION_CONVENIENCE,1
AMEX,"Space, Amenities & Convenience",POSITIVE,2026-07,PHL,AMBIENCE_DESIGN,1
AMEX,"Space, Amenities & Convenience",POSITIVE,2026-07,PHX,LOCATION_CONVENIENCE,1
AMEX,"Space, Amenities & Convenience",POSITIVE,2026-08,,AMBIENCE_DESIGN,1
AMEX,"Space, Amenities & Convenience",POSITIVE,2026-08,,AMBIENCE_DESIGN | VALUE_FOR_MONEY,1
AMEX,"Space, Amenities & Convenience",POSITIVE,2026-08,,LOCATION_CONVENIENCE,2
AMEX,"Space, Amenities & Convenience",POSITIVE,2026-08,,VALUE_FOR_MONEY,1
CAPITAL_ONE,Access & Capacity,MIXED_NEUTRAL,2026-01,,CROWDING | WAIT_TIME_QUEUE,1
CAPITAL_ONE,Access & Capacity,MIXED_NEUTRAL,2026-01,DEN,CROWDING,1
CAPITAL_ONE,Access & Capacity,MIXED_NEUTRAL,2026-04,IAD,CROWDING | ACCESS_EXPERIENCE,1
CAPITAL_ONE,Access & Capacity,MIXED_NEUTRAL,2026-04,JFK,WAIT_TIME_QUEUE | ACCESS_EXPERIENCE,1
CAPITAL_ONE,Access & Capacity,MIXED_NEUTRAL,2026-04,MULTIPLE,WAIT_TIME_QUEUE,1
CAPITAL_ONE,Access & Capacity,MIXED_NEUTRAL,2026-05,,WAIT_TIME_QUEUE | RESERVATION_SYSTEM,1
CAPITAL_ONE,Access & Capacity,MIXED_NEUTRAL,2026-06,DCA,CROWDING | SEATING_AVAILABILITY | RESERVATION_SYSTEM,1
CAPITAL_ONE,Access & Capacity,MIXED_NEUTRAL,2026-07,DFW,CROWDING | WAIT_TIME_QUEUE | RESERVATION_SYSTEM,1
CAPITAL_ONE,Access & Capacity,MIXED_NEUTRAL,2026-08,YVR,ACCESS_EXPERIENCE,1
CAPITAL_ONE,Access & Capacity,NEGATIVE,2026-01,,ACCESS_EXPERIENCE,1
CAPITAL_ONE,Access & Capacity,NEGATIVE,2026-01,,WAIT_TIME_QUEUE,1
CAPITAL_ONE,Access & Capacity,NEGATIVE,2026-02,,ACCESS_EXPERIENCE,1
CAPITAL_ONE,Access & Capacity,NEGATIVE,2026-02,DFW,ACCESS_EXPERIENCE,1
CAPITAL_ONE,Access & Capacity,NEGATIVE,2026-02,IAD,CROWDING | ACCESS_EXPERIENCE,1
CAPITAL_ONE,Access & Capacity,NEGATIVE,2026-03,,CROWDING | SEATING_AVAILABILITY,1
CAPITAL_ONE,Access & Capacity,NEGATIVE,2026-03,,WAIT_TIME_QUEUE,1
CAPITAL_ONE,Access & Capacity,NEGATIVE,2026-03,LGA,WAIT_TIME_QUEUE,1
CAPITAL_ONE,Access & Capacity,NEGATIVE,2026-04,,ACCESS_EXPERIENCE,1
CAPITAL_ONE,Access & Capacity,NEGATIVE,2026-04,,CROWDING | WAIT_TIME_QUEUE,1
CAPITAL_ONE,Access & Capacity,NEGATIVE,2026-04,,WAIT_TIME_QUEUE,1
CAPITAL_ONE,Access & Capacity,NEGATIVE,2026-04,DEN,WAIT_TIME_QUEUE,1
CAPITAL_ONE,Access & Capacity,NEGATIVE,2026-04,DEN,WAIT_TIME_QUEUE | ACCESS_EXPERIENCE,1
CAPITAL_ONE,Access & Capacity,NEGATIVE,2026-04,LGA,CROWDING | WAIT_TIME_QUEUE | ACCESS_EXPERIENCE,1
CAPITAL_ONE,Access & Capacity,NEGATIVE,2026-05,,CROWDING | WAIT_TIME_QUEUE,1
CAPITAL_ONE,Access & Capacity,NEGATIVE,2026-05,,WAIT_TIME_QUEUE,1
CAPITAL_ONE,Access & Capacity,NEGATIVE,2026-05,,WAIT_TIME_QUEUE | ACCESS_EXPERIENCE,1
CAPITAL_ONE,Access & Capacity,NEGATIVE,2026-05,LGA,ACCESS_EXPERIENCE,1
CAPITAL_ONE,Access & Capacity,NEGATIVE,2026-06,,CROWDING | WAIT_TIME_QUEUE,1
CAPITAL_ONE,Access & Capacity,NEGATIVE,2026-06,DEN,RESERVATION_SYSTEM,1
CAPITAL_ONE,Access & Capacity,NEGATIVE,2026-06,DEN,WAIT_TIME_QUEUE,1
CAPITAL_ONE,Access & Capacity,NEGATIVE,2026-07,LGA,CROWDING,1
CAPITAL_ONE,Access & Capacity,NEGATIVE,2026-08,,WAIT_TIME_QUEUE,1
CAPITAL_ONE,Access & Capacity,NEGATIVE,2026-08,,WAIT_TIME_QUEUE | ACCESS_EXPERIENCE,1
CAPITAL_ONE,Access & Capacity,NEGATIVE,2026-08,DEN,WAIT_TIME_QUEUE,1
CAPITAL_ONE,Access & Capacity,POSITIVE,2026-01,,CROWDING | ACCESS_EXPERIENCE,1
CAPITAL_ONE,Access & Capacity,POSITIVE,2026-01,,RESERVATION_SYSTEM,1
CAPITAL_ONE,Access & Capacity,POSITIVE,2026-01,,WAIT_TIME_QUEUE,1
CAPITAL_ONE,Access & Capacity,POSITIVE,2026-01,DCA,CROWDING,1
CAPITAL_ONE,Access & Capacity,POSITIVE,2026-01,JFK,WAIT_TIME_QUEUE,2
CAPITAL_ONE,Access & Capacity,POSITIVE,2026-01,JFK,WAIT_TIME_QUEUE | ACCESS_EXPERIENCE,1
CAPITAL_ONE,Access & Capacity,POSITIVE,2026-01,LAS,WAIT_TIME_QUEUE,1
CAPITAL_ONE,Access & Capacity,POSITIVE,2026-02,,ACCESS_EXPERIENCE,1
CAPITAL_ONE,Access & Capacity,POSITIVE,2026-02,,CROWDING | WAIT_TIME_QUEUE | ACCESS_EXPERIENCE | RESERVATION_SYSTEM,1
CAPITAL_ONE,Access & Capacity,POSITIVE,2026-03,,CROWDING,1
CAPITAL_ONE,Access & Capacity,POSITIVE,2026-03,JFK,CROWDING | ACCESS_EXPERIENCE,1
CAPITAL_ONE,Access & Capacity,POSITIVE,2026-03,LAS,CROWDING | SEATING_AVAILABILITY,1
CAPITAL_ONE,Access & Capacity,POSITIVE,2026-03,LAS,WAIT_TIME_QUEUE | SEATING_AVAILABILITY,1
CAPITAL_ONE,Access & Capacity,POSITIVE,2026-03,LGA,WAIT_TIME_QUEUE,1
CAPITAL_ONE,Access & Capacity,POSITIVE,2026-04,,CROWDING,1
CAPITAL_ONE,Access & Capacity,POSITIVE,2026-04,,CROWDING | ACCESS_EXPERIENCE,1
CAPITAL_ONE,Access & Capacity,POSITIVE,2026-04,,WAIT_TIME_QUEUE | SEATING_AVAILABILITY,1
CAPITAL_ONE,Access & Capacity,POSITIVE,2026-04,DCA,CROWDING | WAIT_TIME_QUEUE,1
CAPITAL_ONE,Access & Capacity,POSITIVE,2026-04,DEN,ACCESS_EXPERIENCE,1
CAPITAL_ONE,Access & Capacity,POSITIVE,2026-04,MCO,WAIT_TIME_QUEUE | RESERVATION_SYSTEM,1
CAPITAL_ONE,Access & Capacity,POSITIVE,2026-05,,CROWDING,2
CAPITAL_ONE,Access & Capacity,POSITIVE,2026-05,LAS,ACCESS_EXPERIENCE | RESERVATION_SYSTEM,1
CAPITAL_ONE,Access & Capacity,POSITIVE,2026-06,,CROWDING,1
CAPITAL_ONE,Access & Capacity,POSITIVE,2026-06,,WAIT_TIME_QUEUE | ACCESS_EXPERIENCE,1
CAPITAL_ONE,Access & Capacity,POSITIVE,2026-06,DCA,ACCESS_EXPERIENCE,1
CAPITAL_ONE,Access & Capacity,POSITIVE,2026-06,JFK,WAIT_TIME_QUEUE,1
CAPITAL_ONE,Access & Capacity,POSITIVE,2026-06,LGA,ACCESS_EXPERIENCE,1
CAPITAL_ONE,Access & Capacity,POSITIVE,2026-06,LGA,CROWDING,1
CAPITAL_ONE,Access & Capacity,POSITIVE,2026-07,,CROWDING | WAIT_TIME_QUEUE,1
CAPITAL_ONE,Access & Capacity,POSITIVE,2026-07,,RESERVATION_SYSTEM,1
CAPITAL_ONE,Access & Capacity,POSITIVE,2026-07,LAS,WAIT_TIME_QUEUE,1
CAPITAL_ONE,Access & Capacity,POSITIVE,2026-08,,CROWDING,1
CAPITAL_ONE,Access & Capacity,POSITIVE,2026-08,,WAIT_TIME_QUEUE,1
CAPITAL_ONE,Access & Capacity,POSITIVE,2026-08,LGA,CROWDING | RESERVATION_SYSTEM,1
CAPITAL_ONE,Food & Beverage,MIXED_NEUTRAL,2026-01,,FOOD_QUALITY | FOOD_AVAILABILITY,1
CAPITAL_ONE,Food & Beverage,MIXED_NEUTRAL,2026-01,DFW,FOOD_QUALITY,1
CAPITAL_ONE,Food & Beverage,MIXED_NEUTRAL,2026-03,,FOOD_QUALITY | FOOD_AVAILABILITY,1
CAPITAL_ONE,Food & Beverage,MIXED_NEUTRAL,2026-03,LAS,FOOD_QUALITY | FOOD_AVAILABILITY | BEVERAGE_BAR,1
CAPITAL_ONE,Food & Beverage,MIXED_NEUTRAL,2026-05,IAD,FOOD_QUALITY,1
CAPITAL_ONE,Food & Beverage,MIXED_NEUTRAL,2026-05,JFK,FOOD_QUALITY | FOOD_AVAILABILITY | BEVERAGE_BAR,1
CAPITAL_ONE,Food & Beverage,MIXED_NEUTRAL,2026-06,DCA,FOOD_QUALITY,1
CAPITAL_ONE,Food & Beverage,MIXED_NEUTRAL,2026-06,LGA,FOOD_QUALITY | FOOD_AVAILABILITY | BEVERAGE_BAR,1
CAPITAL_ONE,Food & Beverage,MIXED_NEUTRAL,2026-07,,FOOD_QUALITY,1
CAPITAL_ONE,Food & Beverage,MIXED_NEUTRAL,2026-08,CLT,FOOD_QUALITY | BEVERAGE_BAR,1
CAPITAL_ONE,Food & Beverage,NEGATIVE,2026-01,,FOOD_QUALITY,3
CAPITAL_ONE,Food & Beverage,NEGATIVE,2026-01,,FOOD_QUALITY | BEVERAGE_BAR,2
CAPITAL_ONE,Food & Beverage,NEGATIVE,2026-01,DFW,FOOD_QUALITY | FOOD_AVAILABILITY,1
CAPITAL_ONE,Food & Beverage,NEGATIVE,2026-02,DFW,FOOD_AVAILABILITY,1
CAPITAL_ONE,Food & Beverage,NEGATIVE,2026-03,LGA,FOOD_AVAILABILITY,1
CAPITAL_ONE,Food & Beverage,NEGATIVE,2026-04,DEN,FOOD_QUALITY,1
CAPITAL_ONE,Food & Beverage,NEGATIVE,2026-04,MCO,BEVERAGE_BAR,1
CAPITAL_ONE,Food & Beverage,NEGATIVE,2026-05,JFK,FOOD_QUALITY,1
CAPITAL_ONE,Food & Beverage,NEGATIVE,2026-05,LGA,FOOD_AVAILABILITY,1
CAPITAL_ONE,Food & Beverage,NEGATIVE,2026-07,LGA,FOOD_AVAILABILITY,1
CAPITAL_ONE,Food & Beverage,POSITIVE,2026-01,,FOOD_QUALITY,3
CAPITAL_ONE,Food & Beverage,POSITIVE,2026-01,,FOOD_QUALITY | BEVERAGE_BAR,1
CAPITAL_ONE,Food & Beverage,POSITIVE,2026-01,JFK,FOOD_AVAILABILITY,1
CAPITAL_ONE,Food & Beverage,POSITIVE,2026-02,,FOOD_QUALITY,1
CAPITAL_ONE,Food & Beverage,POSITIVE,2026-02,,FOOD_QUALITY | BEVERAGE_BAR,2
CAPITAL_ONE,Food & Beverage,POSITIVE,2026-02,DCA,FOOD_QUALITY | BEVERAGE_BAR,1
CAPITAL_ONE,Food & Beverage,POSITIVE,2026-02,IAD,FOOD_QUALITY,1
CAPITAL_ONE,Food & Beverage,POSITIVE,2026-03,,FOOD_QUALITY,3
CAPITAL_ONE,Food & Beverage,POSITIVE,2026-03,,FOOD_QUALITY | BEVERAGE_BAR,1
CAPITAL_ONE,Food & Beverage,POSITIVE,2026-03,JFK,FOOD_QUALITY,2
CAPITAL_ONE,Food & Beverage,POSITIVE,2026-03,LGA,FOOD_QUALITY,1
CAPITAL_ONE,Food & Beverage,POSITIVE,2026-04,,FOOD_QUALITY,1
CAPITAL_ONE,Food & Beverage,POSITIVE,2026-04,LGA,FOOD_QUALITY,1
CAPITAL_ONE,Food & Beverage,POSITIVE,2026-04,MULTIPLE,FOOD_QUALITY,1
CAPITAL_ONE,Food & Beverage,POSITIVE,2026-05,,FOOD_QUALITY,2
CAPITAL_ONE,Food & Beverage,POSITIVE,2026-05,LGA,FOOD_AVAILABILITY | BEVERAGE_BAR,1
CAPITAL_ONE,Food & Beverage,POSITIVE,2026-05,LGA,FOOD_QUALITY | BEVERAGE_BAR,1
CAPITAL_ONE,Food & Beverage,POSITIVE,2026-06,,FOOD_QUALITY,4
CAPITAL_ONE,Food & Beverage,POSITIVE,2026-06,DCA,FOOD_QUALITY,2
CAPITAL_ONE,Food & Beverage,POSITIVE,2026-06,DCA,FOOD_QUALITY | BEVERAGE_BAR,1
CAPITAL_ONE,Food & Beverage,POSITIVE,2026-06,IAD,FOOD_QUALITY | FOOD_AVAILABILITY | BEVERAGE_BAR,1
CAPITAL_ONE,Food & Beverage,POSITIVE,2026-06,JFK,FOOD_AVAILABILITY,1
CAPITAL_ONE,Food & Beverage,POSITIVE,2026-07,,BEVERAGE_BAR,1
CAPITAL_ONE,Food & Beverage,POSITIVE,2026-07,,FOOD_QUALITY,4
CAPITAL_ONE,Food & Beverage,POSITIVE,2026-07,DCA,FOOD_QUALITY,1
CAPITAL_ONE,Food & Beverage,POSITIVE,2026-07,DCA,FOOD_QUALITY | BEVERAGE_BAR,1
CAPITAL_ONE,Food & Beverage,POSITIVE,2026-07,JFK,BEVERAGE_BAR,1
CAPITAL_ONE,Food & Beverage,POSITIVE,2026-07,JFK,FOOD_QUALITY,1
CAPITAL_ONE,Food & Beverage,POSITIVE,2026-08,,FOOD_AVAILABILITY,1
CAPITAL_ONE,Food & Beverage,POSITIVE,2026-08,,FOOD_QUALITY,1
CAPITAL_ONE,Food & Beverage,POSITIVE,2026-08,,FOOD_QUALITY | BEVERAGE_BAR,1
CAPITAL_ONE,Food & Beverage,POSITIVE,2026-08,DCA,FOOD_QUALITY | BEVERAGE_BAR,1
CAPITAL_ONE,Food & Beverage,POSITIVE,2026-08,DFW,FOOD_QUALITY,1
CAPITAL_ONE,Food & Beverage,POSITIVE,2026-08,JFK,FOOD_QUALITY,1
CAPITAL_ONE,Food & Beverage,POSITIVE,2026-08,LGA,FOOD_QUALITY | BEVERAGE_BAR,1
CAPITAL_ONE,Food & Beverage,POSITIVE,2026-08,YVR,FOOD_AVAILABILITY,1
CAPITAL_ONE,General Lounge Experience,MIXED_NEUTRAL,2026-03,DCA,OVERALL_EXPERIENCE,1
CAPITAL_ONE,General Lounge Experience,MIXED_NEUTRAL,2026-04,,OVERALL_EXPERIENCE,1
CAPITAL_ONE,General Lounge Experience,MIXED_NEUTRAL,2026-05,LGA,OVERALL_EXPERIENCE,1
CAPITAL_ONE,General Lounge Experience,MIXED_NEUTRAL,2026-08,,OVERALL_EXPERIENCE,1
CAPITAL_ONE,General Lounge Experience,NEGATIVE,2026-01,,OVERALL_EXPERIENCE,5
CAPITAL_ONE,General Lounge Experience,NEGATIVE,2026-01,DFW,OVERALL_EXPERIENCE,2
CAPITAL_ONE,General Lounge Experience,NEGATIVE,2026-04,,OVERALL_EXPERIENCE,2
CAPITAL_ONE,General Lounge Experience,NEGATIVE,2026-05,LGA,OVERALL_EXPERIENCE,1
CAPITAL_ONE,General Lounge Experience,NEGATIVE,2026-06,DEN,OVERALL_EXPERIENCE,1
CAPITAL_ONE,General Lounge Experience,NEGATIVE,2026-07,,OVERALL_EXPERIENCE,1
CAPITAL_ONE,General Lounge Experience,NEGATIVE,2026-07,LGA,OVERALL_EXPERIENCE,1
CAPITAL_ONE,General Lounge Experience,NEGATIVE,2026-08,,OVERALL_EXPERIENCE,2
CAPITAL_ONE,General Lounge Experience,NEGATIVE,2026-08,CLT,OVERALL_EXPERIENCE,1
CAPITAL_ONE,General Lounge Experience,POSITIVE,2026-01,,OVERALL_EXPERIENCE,8
CAPITAL_ONE,General Lounge Experience,POSITIVE,2026-01,JFK,OVERALL_EXPERIENCE,2
CAPITAL_ONE,General Lounge Experience,POSITIVE,2026-02,,OVERALL_EXPERIENCE,3
CAPITAL_ONE,General Lounge Experience,POSITIVE,2026-02,DCA,OVERALL_EXPERIENCE,1
CAPITAL_ONE,General Lounge Experience,POSITIVE,2026-02,DEN,OVERALL_EXPERIENCE,1
CAPITAL_ONE,General Lounge Experience,POSITIVE,2026-02,DFW,OVERALL_EXPERIENCE,2
CAPITAL_ONE,General Lounge Experience,POSITIVE,2026-02,JFK,OVERALL_EXPERIENCE,2
CAPITAL_ONE,General Lounge Experience,POSITIVE,2026-02,MULTIPLE,OVERALL_EXPERIENCE,1
CAPITAL_ONE,General Lounge Experience,POSITIVE,2026-03,,OVERALL_EXPERIENCE,3
CAPITAL_ONE,General Lounge Experience,POSITIVE,2026-03,LAS,OVERALL_EXPERIENCE,2
CAPITAL_ONE,General Lounge Experience,POSITIVE,2026-03,LGA,OVERALL_EXPERIENCE,2
CAPITAL_ONE,General Lounge Experience,POSITIVE,2026-04,,OVERALL_EXPERIENCE,5
CAPITAL_ONE,General Lounge Experience,POSITIVE,2026-04,DFW,OVERALL_EXPERIENCE,1
CAPITAL_ONE,General Lounge Experience,POSITIVE,2026-04,JFK,OVERALL_EXPERIENCE,2
CAPITAL_ONE,General Lounge Experience,POSITIVE,2026-04,LAS,OVERALL_EXPERIENCE,1
CAPITAL_ONE,General Lounge Experience,POSITIVE,2026-04,LGA,OVERALL_EXPERIENCE,1
CAPITAL_ONE,General Lounge Experience,POSITIVE,2026-05,,OVERALL_EXPERIENCE,8
CAPITAL_ONE,General Lounge Experience,POSITIVE,2026-05,JFK,OVERALL_EXPERIENCE,1
CAPITAL_ONE,General Lounge Experience,POSITIVE,2026-05,LGA,OVERALL_EXPERIENCE,3
CAPITAL_ONE,General Lounge Experience,POSITIVE,2026-06,,OVERALL_EXPERIENCE,12
CAPITAL_ONE,General Lounge Experience,POSITIVE,2026-06,DCA,OVERALL_EXPERIENCE,2
CAPITAL_ONE,General Lounge Experience,POSITIVE,2026-06,JFK,OVERALL_EXPERIENCE,2
CAPITAL_ONE,General Lounge Experience,POSITIVE,2026-06,LAS,OVERALL_EXPERIENCE,1
CAPITAL_ONE,General Lounge Experience,POSITIVE,2026-06,MULTIPLE,OVERALL_EXPERIENCE,1
CAPITAL_ONE,General Lounge Experience,POSITIVE,2026-07,,OVERALL_EXPERIENCE,10
CAPITAL_ONE,General Lounge Experience,POSITIVE,2026-07,DCA,OVERALL_EXPERIENCE,2
CAPITAL_ONE,General Lounge Experience,POSITIVE,2026-07,DFW,OVERALL_EXPERIENCE,1
CAPITAL_ONE,General Lounge Experience,POSITIVE,2026-07,IAD,OVERALL_EXPERIENCE,1
CAPITAL_ONE,General Lounge Experience,POSITIVE,2026-07,JFK,OVERALL_EXPERIENCE,3
CAPITAL_ONE,General Lounge Experience,POSITIVE,2026-07,LGA,OVERALL_EXPERIENCE,1
CAPITAL_ONE,General Lounge Experience,POSITIVE,2026-07,MULTIPLE,OVERALL_EXPERIENCE,1
CAPITAL_ONE,General Lounge Experience,POSITIVE,2026-08,,OVERALL_EXPERIENCE,11
CAPITAL_ONE,General Lounge Experience,POSITIVE,2026-08,DCA,OVERALL_EXPERIENCE,1
CAPITAL_ONE,General Lounge Experience,POSITIVE,2026-08,DFW,OVERALL_EXPERIENCE,1
CAPITAL_ONE,General Lounge Experience,POSITIVE,2026-08,IAD,OVERALL_EXPERIENCE,1
CAPITAL_ONE,General Lounge Experience,POSITIVE,2026-08,JFK,OVERALL_EXPERIENCE,3
CAPITAL_ONE,General Lounge Experience,POSITIVE,2026-08,LAS,OVERALL_EXPERIENCE,1
CAPITAL_ONE,General Lounge Experience,POSITIVE,2026-08,LGA,OVERALL_EXPERIENCE,2
CAPITAL_ONE,Service & Upkeep,MIXED_NEUTRAL,2026-02,DFW,STAFF_SERVICE,1
CAPITAL_ONE,Service & Upkeep,NEGATIVE,2026-04,,CLEANLINESS,2
CAPITAL_ONE,Service & Upkeep,NEGATIVE,2026-04,LGA,STAFF_SERVICE,1
CAPITAL_ONE,Service & Upkeep,NEGATIVE,2026-05,JFK,STAFF_SERVICE,1
CAPITAL_ONE,Service & Upkeep,NEGATIVE,2026-05,LGA,STAFF_SERVICE,1
CAPITAL_ONE,Service & Upkeep,POSITIVE,2026-01,,CLEANLINESS,1
CAPITAL_ONE,Service & Upkeep,POSITIVE,2026-03,,STAFF_SERVICE,2
CAPITAL_ONE,Service & Upkeep,POSITIVE,2026-03,LAS,STAFF_SERVICE,1
CAPITAL_ONE,Service & Upkeep,POSITIVE,2026-03,LGA,STAFF_SERVICE,1
CAPITAL_ONE,Service & Upkeep,POSITIVE,2026-04,MULTIPLE,CLEANLINESS,1
CAPITAL_ONE,Service & Upkeep,POSITIVE,2026-05,LGA,STAFF_SERVICE,2
CAPITAL_ONE,Service & Upkeep,POSITIVE,2026-06,,STAFF_SERVICE,2
CAPITAL_ONE,Service & Upkeep,POSITIVE,2026-06,LAS,STAFF_SERVICE | CLEANLINESS,1
CAPITAL_ONE,Service & Upkeep,POSITIVE,2026-07,DCA,STAFF_SERVICE,1
CAPITAL_ONE,Service & Upkeep,POSITIVE,2026-08,,CLEANLINESS,1
CAPITAL_ONE,Service & Upkeep,POSITIVE,2026-08,,STAFF_SERVICE,1
CAPITAL_ONE,Service & Upkeep,POSITIVE,2026-08,CLT,CLEANLINESS,1
CAPITAL_ONE,Service & Upkeep,POSITIVE,2026-08,JFK,STAFF_SERVICE,1
CAPITAL_ONE,"Space, Amenities & Convenience",MIXED_NEUTRAL,2026-01,,AMBIENCE_DESIGN | VALUE_FOR_MONEY,1
CAPITAL_ONE,"Space, Amenities & Convenience",MIXED_NEUTRAL,2026-03,LAS,LOCATION_CONVENIENCE | OPERATING_HOURS,1
CAPITAL_ONE,"Space, Amenities & Convenience",MIXED_NEUTRAL,2026-04,DCA,AMENITIES,1
CAPITAL_ONE,"Space, Amenities & Convenience",MIXED_NEUTRAL,2026-04,DFW,AMENITIES,1
CAPITAL_ONE,"Space, Amenities & Convenience",MIXED_NEUTRAL,2026-04,MULTIPLE,AMBIENCE_DESIGN | AMENITIES,1
CAPITAL_ONE,"Space, Amenities & Convenience",MIXED_NEUTRAL,2026-05,,AMENITIES | LOCATION_CONVENIENCE,1
CAPITAL_ONE,"Space, Amenities & Convenience",MIXED_NEUTRAL,2026-05,JFK,AMENITIES | FAMILY_CHILDREN,1
CAPITAL_ONE,"Space, Amenities & Convenience",MIXED_NEUTRAL,2026-07,MULTIPLE,AMBIENCE_DESIGN,1
CAPITAL_ONE,"Space, Amenities & Convenience",NEGATIVE,2026-01,,LOCATION_CONVENIENCE,2
CAPITAL_ONE,"Space, Amenities & Convenience",NEGATIVE,2026-01,JFK,LOCATION_CONVENIENCE,1
CAPITAL_ONE,"Space, Amenities & Convenience",NEGATIVE,2026-02,,AMENITIES,2
CAPITAL_ONE,"Space, Amenities & Convenience",NEGATIVE,2026-02,,LOCATION_CONVENIENCE,2
CAPITAL_ONE,"Space, Amenities & Convenience",NEGATIVE,2026-03,,LOCATION_CONVENIENCE,1
CAPITAL_ONE,"Space, Amenities & Convenience",NEGATIVE,2026-04,,AMBIENCE_DESIGN,2
CAPITAL_ONE,"Space, Amenities & Convenience",NEGATIVE,2026-05,IAD,LOCATION_CONVENIENCE,1
CAPITAL_ONE,"Space, Amenities & Convenience",NEGATIVE,2026-05,LGA,AMBIENCE_DESIGN,1
CAPITAL_ONE,"Space, Amenities & Convenience",NEGATIVE,2026-06,,AMBIENCE_DESIGN,1
CAPITAL_ONE,"Space, Amenities & Convenience",NEGATIVE,2026-06,,LOCATION_CONVENIENCE,1
CAPITAL_ONE,"Space, Amenities & Convenience",POSITIVE,2026-01,,AMENITIES,2
CAPITAL_ONE,"Space, Amenities & Convenience",POSITIVE,2026-01,,VALUE_FOR_MONEY,2
CAPITAL_ONE,"Space, Amenities & Convenience",POSITIVE,2026-01,DCA,FAMILY_CHILDREN | VALUE_FOR_MONEY,1
CAPITAL_ONE,"Space, Amenities & Convenience",POSITIVE,2026-01,JFK,AMBIENCE_DESIGN | OPERATING_HOURS,1
CAPITAL_ONE,"Space, Amenities & Convenience",POSITIVE,2026-01,LAS,AMBIENCE_DESIGN,1
CAPITAL_ONE,"Space, Amenities & Convenience",POSITIVE,2026-01,LAS,VALUE_FOR_MONEY,1
CAPITAL_ONE,"Space, Amenities & Convenience",POSITIVE,2026-03,,VALUE_FOR_MONEY,1
CAPITAL_ONE,"Space, Amenities & Convenience",POSITIVE,2026-03,JFK,AMBIENCE_DESIGN,1
CAPITAL_ONE,"Space, Amenities & Convenience",POSITIVE,2026-04,,AMBIENCE_DESIGN,1
CAPITAL_ONE,"Space, Amenities & Convenience",POSITIVE,2026-04,,VALUE_FOR_MONEY,1
CAPITAL_ONE,"Space, Amenities & Convenience",POSITIVE,2026-04,DEN,AMENITIES,1
CAPITAL_ONE,"Space, Amenities & Convenience",POSITIVE,2026-04,MCO,VALUE_FOR_MONEY,1
CAPITAL_ONE,"Space, Amenities & Convenience",POSITIVE,2026-05,,LOCATION_CONVENIENCE,1
CAPITAL_ONE,"Space, Amenities & Convenience",POSITIVE,2026-05,LGA,AMBIENCE_DESIGN,1
CAPITAL_ONE,"Space, Amenities & Convenience",POSITIVE,2026-06,,AMBIENCE_DESIGN,1
CAPITAL_ONE,"Space, Amenities & Convenience",POSITIVE,2026-06,,AMENITIES,1
CAPITAL_ONE,"Space, Amenities & Convenience",POSITIVE,2026-06,,LOCATION_CONVENIENCE,1
CAPITAL_ONE,"Space, Amenities & Convenience",POSITIVE,2026-06,,VALUE_FOR_MONEY,1
CAPITAL_ONE,"Space, Amenities & Convenience",POSITIVE,2026-06,DCA,AMBIENCE_DESIGN,1
CAPITAL_ONE,"Space, Amenities & Convenience",POSITIVE,2026-06,IAD,VALUE_FOR_MONEY,1
CAPITAL_ONE,"Space, Amenities & Convenience",POSITIVE,2026-06,JFK,AMBIENCE_DESIGN,1
CAPITAL_ONE,"Space, Amenities & Convenience",POSITIVE,2026-06,LAS,AMENITIES | VALUE_FOR_MONEY,1
CAPITAL_ONE,"Space, Amenities & Convenience",POSITIVE,2026-07,,AMBIENCE_DESIGN,1
CAPITAL_ONE,"Space, Amenities & Convenience",POSITIVE,2026-07,DFW,AMENITIES,1
CAPITAL_ONE,"Space, Amenities & Convenience",POSITIVE,2026-07,LGA,AMBIENCE_DESIGN,1
CAPITAL_ONE,"Space, Amenities & Convenience",POSITIVE,2026-08,,AMBIENCE_DESIGN | VALUE_FOR_MONEY,1
CAPITAL_ONE,"Space, Amenities & Convenience",POSITIVE,2026-08,,VALUE_FOR_MONEY,1
CAPITAL_ONE,"Space, Amenities & Convenience",POSITIVE,2026-08,DCA,AMBIENCE_DESIGN,1
CAPITAL_ONE,"Space, Amenities & Convenience",POSITIVE,2026-08,DFW,AMBIENCE_DESIGN,1
CAPITAL_ONE,"Space, Amenities & Convenience",POSITIVE,2026-08,JFK,AMENITIES,2
CAPITAL_ONE,"Space, Amenities & Convenience",POSITIVE,2026-08,LAS,AMBIENCE_DESIGN,1
CAPITAL_ONE,"Space, Amenities & Convenience",POSITIVE,2026-08,LGA,AMBIENCE_DESIGN,1
CAPITAL_ONE,"Space, Amenities & Convenience",POSITIVE,2026-08,YVR,FAMILY_CHILDREN,1
CHASE,Access & Capacity,MIXED_NEUTRAL,2026-01,,WAIT_TIME_QUEUE,2
CHASE,Access & Capacity,MIXED_NEUTRAL,2026-01,BOS,CROWDING | SEATING_AVAILABILITY | ACCESS_EXPERIENCE,1
CHASE,Access & Capacity,MIXED_NEUTRAL,2026-01,ICN,ACCESS_EXPERIENCE,1
CHASE,Access & Capacity,MIXED_NEUTRAL,2026-02,,WAIT_TIME_QUEUE | ACCESS_EXPERIENCE,1
CHASE,Access & Capacity,MIXED_NEUTRAL,2026-03,,RESERVATION_SYSTEM,1
CHASE,Access & Capacity,MIXED_NEUTRAL,2026-03,LAS,WAIT_TIME_QUEUE | RESERVATION_SYSTEM,1
CHASE,Access & Capacity,MIXED_NEUTRAL,2026-04,JFK,ACCESS_EXPERIENCE,1
CHASE,Access & Capacity,MIXED_NEUTRAL,2026-04,LAS,CROWDING | WAIT_TIME_QUEUE | SEATING_AVAILABILITY | ACCESS_EXPERIENCE,1
CHASE,Access & Capacity,MIXED_NEUTRAL,2026-04,SAN,WAIT_TIME_QUEUE | ACCESS_EXPERIENCE,1
CHASE,Access & Capacity,MIXED_NEUTRAL,2026-06,JFK,CROWDING | WAIT_TIME_QUEUE,1
CHASE,Access & Capacity,MIXED_NEUTRAL,2026-06,LAS,CROWDING | WAIT_TIME_QUEUE | SEATING_AVAILABILITY,1
CHASE,Access & Capacity,MIXED_NEUTRAL,2026-07,,CROWDING | ACCESS_EXPERIENCE,1
CHASE,Access & Capacity,MIXED_NEUTRAL,2026-07,,CROWDING | WAIT_TIME_QUEUE | SEATING_AVAILABILITY,1
CHASE,Access & Capacity,MIXED_NEUTRAL,2026-07,ATL,CROWDING | WAIT_TIME_QUEUE | RESERVATION_SYSTEM,1
CHASE,Access & Capacity,MIXED_NEUTRAL,2026-07,BOS,CROWDING | ACCESS_EXPERIENCE,1
CHASE,Access & Capacity,MIXED_NEUTRAL,2026-07,LAS,CROWDING | WAIT_TIME_QUEUE,1
CHASE,Access & Capacity,MIXED_NEUTRAL,2026-08,,CROWDING | WAIT_TIME_QUEUE | SEATING_AVAILABILITY,1
CHASE,Access & Capacity,MIXED_NEUTRAL,2026-08,LAS,CROWDING | WAIT_TIME_QUEUE,1
CHASE,Access & Capacity,NEGATIVE,2026-01,,CROWDING | ACCESS_EXPERIENCE,2
CHASE,Access & Capacity,NEGATIVE,2026-01,,CROWDING | WAIT_TIME_QUEUE | RESERVATION_SYSTEM,1
CHASE,Access & Capacity,NEGATIVE,2026-01,,RESERVATION_SYSTEM,1
CHASE,Access & Capacity,NEGATIVE,2026-01,,WAIT_TIME_QUEUE,3
CHASE,Access & Capacity,NEGATIVE,2026-01,,WAIT_TIME_QUEUE | ACCESS_EXPERIENCE,1
CHASE,Access & Capacity,NEGATIVE,2026-01,,WAIT_TIME_QUEUE | RESERVATION_SYSTEM,2
CHASE,Access & Capacity,NEGATIVE,2026-01,BOS,WAIT_TIME_QUEUE,1
CHASE,Access & Capacity,NEGATIVE,2026-01,LAS,CROWDING | WAIT_TIME_QUEUE,1
CHASE,Access & Capacity,NEGATIVE,2026-01,LAS,WAIT_TIME_QUEUE,1
CHASE,Access & Capacity,NEGATIVE,2026-01,LAS,WAIT_TIME_QUEUE | SEATING_AVAILABILITY | ACCESS_EXPERIENCE,1
CHASE,Access & Capacity,NEGATIVE,2026-01,LGA,CROWDING,1
CHASE,Access & Capacity,NEGATIVE,2026-01,PHX,CROWDING,2
CHASE,Access & Capacity,NEGATIVE,2026-02,,ACCESS_EXPERIENCE,1
CHASE,Access & Capacity,NEGATIVE,2026-02,,CROWDING,1
CHASE,Access & Capacity,NEGATIVE,2026-02,,CROWDING | SEATING_AVAILABILITY | ACCESS_EXPERIENCE,1
CHASE,Access & Capacity,NEGATIVE,2026-02,,WAIT_TIME_QUEUE,1
CHASE,Access & Capacity,NEGATIVE,2026-02,BOS,CROWDING | WAIT_TIME_QUEUE | ACCESS_EXPERIENCE,1
CHASE,Access & Capacity,NEGATIVE,2026-02,BOS,WAIT_TIME_QUEUE,2
CHASE,Access & Capacity,NEGATIVE,2026-02,LAS,WAIT_TIME_QUEUE,1
CHASE,Access & Capacity,NEGATIVE,2026-02,PHX,CROWDING,1
CHASE,Access & Capacity,NEGATIVE,2026-02,PHX,CROWDING | WAIT_TIME_QUEUE | RESERVATION_SYSTEM,1
CHASE,Access & Capacity,NEGATIVE,2026-02,PHX,WAIT_TIME_QUEUE,1
CHASE,Access & Capacity,NEGATIVE,2026-03,,CROWDING | ACCESS_EXPERIENCE,1
CHASE,Access & Capacity,NEGATIVE,2026-03,,CROWDING | ACCESS_EXPERIENCE | RESERVATION_SYSTEM,1
CHASE,Access & Capacity,NEGATIVE,2026-03,,CROWDING | WAIT_TIME_QUEUE,1
CHASE,Access & Capacity,NEGATIVE,2026-03,,CROWDING | WAIT_TIME_QUEUE | ACCESS_EXPERIENCE | RESERVATION_SYSTEM,1
CHASE,Access & Capacity,NEGATIVE,2026-03,,WAIT_TIME_QUEUE,1
CHASE,Access & Capacity,NEGATIVE,2026-03,BOS,CROWDING | WAIT_TIME_QUEUE,1
CHASE,Access & Capacity,NEGATIVE,2026-03,BOS,RESERVATION_SYSTEM,1
CHASE,Access & Capacity,NEGATIVE,2026-03,JFK,WAIT_TIME_QUEUE,1
CHASE,Access & Capacity,NEGATIVE,2026-03,LAS,WAIT_TIME_QUEUE | ACCESS_EXPERIENCE,1
CHASE,Access & Capacity,NEGATIVE,2026-04,,CROWDING | WAIT_TIME_QUEUE,1
CHASE,Access & Capacity,NEGATIVE,2026-04,,WAIT_TIME_QUEUE,3
CHASE,Access & Capacity,NEGATIVE,2026-04,,WAIT_TIME_QUEUE | ACCESS_EXPERIENCE,1
CHASE,Access & Capacity,NEGATIVE,2026-04,,WAIT_TIME_QUEUE | RESERVATION_SYSTEM,1
CHASE,Access & Capacity,NEGATIVE,2026-04,JFK,ACCESS_EXPERIENCE,1
CHASE,Access & Capacity,NEGATIVE,2026-04,JFK,CROWDING | WAIT_TIME_QUEUE,1
CHASE,Access & Capacity,NEGATIVE,2026-04,JFK,WAIT_TIME_QUEUE,1
CHASE,Access & Capacity,NEGATIVE,2026-04,LAS,CROWDING | WAIT_TIME_QUEUE,1
CHASE,Access & Capacity,NEGATIVE,2026-04,LAS,WAIT_TIME_QUEUE,2
CHASE,Access & Capacity,NEGATIVE,2026-04,LAS,WAIT_TIME_QUEUE | RESERVATION_SYSTEM,1
CHASE,Access & Capacity,NEGATIVE,2026-05,,CROWDING,1
CHASE,Access & Capacity,NEGATIVE,2026-05,,CROWDING | WAIT_TIME_QUEUE | ACCESS_EXPERIENCE,1
CHASE,Access & Capacity,NEGATIVE,2026-05,,WAIT_TIME_QUEUE | ACCESS_EXPERIENCE,1
CHASE,Access & Capacity,NEGATIVE,2026-05,BOS,CROWDING | ACCESS_EXPERIENCE,1
CHASE,Access & Capacity,NEGATIVE,2026-05,JFK,WAIT_TIME_QUEUE,1
CHASE,Access & Capacity,NEGATIVE,2026-05,LAS,CROWDING,1
CHASE,Access & Capacity,NEGATIVE,2026-05,LGA,WAIT_TIME_QUEUE,1
CHASE,Access & Capacity,NEGATIVE,2026-05,LGA,WAIT_TIME_QUEUE | RESERVATION_SYSTEM,1
CHASE,Access & Capacity,NEGATIVE,2026-05,MULTIPLE,CROWDING | ACCESS_EXPERIENCE,1
CHASE,Access & Capacity,NEGATIVE,2026-05,MULTIPLE,CROWDING | WAIT_TIME_QUEUE,1
CHASE,Access & Capacity,NEGATIVE,2026-05,SAN,WAIT_TIME_QUEUE | ACCESS_EXPERIENCE,1
CHASE,Access & Capacity,NEGATIVE,2026-06,,ACCESS_EXPERIENCE,2
CHASE,Access & Capacity,NEGATIVE,2026-06,,CROWDING | WAIT_TIME_QUEUE,2
CHASE,Access & Capacity,NEGATIVE,2026-06,,WAIT_TIME_QUEUE,1
CHASE,Access & Capacity,NEGATIVE,2026-06,JFK,ACCESS_EXPERIENCE,2
CHASE,Access & Capacity,NEGATIVE,2026-06,JFK,WAIT_TIME_QUEUE | ACCESS_EXPERIENCE,1
CHASE,Access & Capacity,NEGATIVE,2026-06,LAS,WAIT_TIME_QUEUE,2
CHASE,Access & Capacity,NEGATIVE,2026-06,LGA,WAIT_TIME_QUEUE | ACCESS_EXPERIENCE,1
CHASE,Access & Capacity,NEGATIVE,2026-07,,ACCESS_EXPERIENCE,6
CHASE,Access & Capacity,NEGATIVE,2026-07,,CROWDING,5
CHASE,Access & Capacity,NEGATIVE,2026-07,,CROWDING | ACCESS_EXPERIENCE,1
CHASE,Access & Capacity,NEGATIVE,2026-07,,CROWDING | WAIT_TIME_QUEUE | ACCESS_EXPERIENCE,2
CHASE,Access & Capacity,NEGATIVE,2026-07,,WAIT_TIME_QUEUE,5
CHASE,Access & Capacity,NEGATIVE,2026-07,,WAIT_TIME_QUEUE | ACCESS_EXPERIENCE,1
CHASE,Access & Capacity,NEGATIVE,2026-07,BOS,RESERVATION_SYSTEM,2
CHASE,Access & Capacity,NEGATIVE,2026-07,DFW,WAIT_TIME_QUEUE | RESERVATION_SYSTEM,1
CHASE,Access & Capacity,NEGATIVE,2026-07,JFK,WAIT_TIME_QUEUE,1
CHASE,Access & Capacity,NEGATIVE,2026-07,LGA,CROWDING | ACCESS_EXPERIENCE,1
CHASE,Access & Capacity,NEGATIVE,2026-07,LGA,WAIT_TIME_QUEUE | ACCESS_EXPERIENCE,1
CHASE,Access & Capacity,NEGATIVE,2026-07,LGA,WAIT_TIME_QUEUE | ACCESS_EXPERIENCE | RESERVATION_SYSTEM,1
CHASE,Access & Capacity,NEGATIVE,2026-07,MULTIPLE,WAIT_TIME_QUEUE,1
CHASE,Access & Capacity,NEGATIVE,2026-07,MULTIPLE,WAIT_TIME_QUEUE | ACCESS_EXPERIENCE,1
CHASE,Access & Capacity,NEGATIVE,2026-07,PHL,WAIT_TIME_QUEUE,2
CHASE,Access & Capacity,NEGATIVE,2026-07,PHX,WAIT_TIME_QUEUE | ACCESS_EXPERIENCE,1
CHASE,Access & Capacity,NEGATIVE,2026-08,,CROWDING | WAIT_TIME_QUEUE,1
CHASE,Access & Capacity,NEGATIVE,2026-08,,WAIT_TIME_QUEUE,1
CHASE,Access & Capacity,NEGATIVE,2026-08,,WAIT_TIME_QUEUE | RESERVATION_SYSTEM,2
CHASE,Access & Capacity,NEGATIVE,2026-08,IAD,CROWDING | WAIT_TIME_QUEUE,1
CHASE,Access & Capacity,NEGATIVE,2026-08,JFK,ACCESS_EXPERIENCE,1
CHASE,Access & Capacity,NEGATIVE,2026-08,JFK,WAIT_TIME_QUEUE,1
CHASE,Access & Capacity,NEGATIVE,2026-08,LGA,CROWDING,1
CHASE,Access & Capacity,NEGATIVE,2026-08,PHX,WAIT_TIME_QUEUE,1
CHASE,Access & Capacity,POSITIVE,2026-01,,ACCESS_EXPERIENCE,1
CHASE,Access & Capacity,POSITIVE,2026-01,,WAIT_TIME_QUEUE,1
CHASE,Access & Capacity,POSITIVE,2026-01,LAS,WAIT_TIME_QUEUE,1
CHASE,Access & Capacity,POSITIVE,2026-01,LGA,WAIT_TIME_QUEUE,1
CHASE,Access & Capacity,POSITIVE,2026-02,,ACCESS_EXPERIENCE,2
CHASE,Access & Capacity,POSITIVE,2026-02,,RESERVATION_SYSTEM,1
CHASE,Access & Capacity,POSITIVE,2026-02,,WAIT_TIME_QUEUE,1
CHASE,Access & Capacity,POSITIVE,2026-02,PHX,WAIT_TIME_QUEUE | SEATING_AVAILABILITY | RESERVATION_SYSTEM,1
CHASE,Access & Capacity,POSITIVE,2026-03,PHL,CROWDING,1
CHASE,Access & Capacity,POSITIVE,2026-04,,ACCESS_EXPERIENCE,1
CHASE,Access & Capacity,POSITIVE,2026-04,,CROWDING | SEATING_AVAILABILITY,1
CHASE,Access & Capacity,POSITIVE,2026-04,,WAIT_TIME_QUEUE,1
CHASE,Access & Capacity,POSITIVE,2026-04,LAS,WAIT_TIME_QUEUE,2
CHASE,Access & Capacity,POSITIVE,2026-04,LGA,CROWDING | RESERVATION_SYSTEM,1
CHASE,Access & Capacity,POSITIVE,2026-04,LGA,CROWDING | SEATING_AVAILABILITY,1
CHASE,Access & Capacity,POSITIVE,2026-04,PHL,WAIT_TIME_QUEUE,2
CHASE,Access & Capacity,POSITIVE,2026-04,PHX,ACCESS_EXPERIENCE,1
CHASE,Access & Capacity,POSITIVE,2026-04,SAN,WAIT_TIME_QUEUE,1
CHASE,Access & Capacity,POSITIVE,2026-05,IAD,WAIT_TIME_QUEUE,1
CHASE,Access & Capacity,POSITIVE,2026-05,LGA,WAIT_TIME_QUEUE | RESERVATION_SYSTEM,1
CHASE,Access & Capacity,POSITIVE,2026-06,,ACCESS_EXPERIENCE,1
CHASE,Access & Capacity,POSITIVE,2026-06,,CROWDING | WAIT_TIME_QUEUE,1
CHASE,Access & Capacity,POSITIVE,2026-06,,WAIT_TIME_QUEUE,1
CHASE,Access & Capacity,POSITIVE,2026-06,SAN,WAIT_TIME_QUEUE | ACCESS_EXPERIENCE,1
CHASE,Access & Capacity,POSITIVE,2026-07,,ACCESS_EXPERIENCE,1
CHASE,Access & Capacity,POSITIVE,2026-07,,RESERVATION_SYSTEM,1
CHASE,Access & Capacity,POSITIVE,2026-07,BOS,ACCESS_EXPERIENCE,1
CHASE,Access & Capacity,POSITIVE,2026-07,DFW,SEATING_AVAILABILITY,1
CHASE,Access & Capacity,POSITIVE,2026-07,LGA,WAIT_TIME_QUEUE,1
CHASE,Access & Capacity,POSITIVE,2026-07,SAN,WAIT_TIME_QUEUE,1
CHASE,Access & Capacity,POSITIVE,2026-08,,CROWDING,1
CHASE,Access & Capacity,POSITIVE,2026-08,LGA,CROWDING | WAIT_TIME_QUEUE,1
CHASE,Access & Capacity,POSITIVE,2026-08,LGA,WAIT_TIME_QUEUE,1
CHASE,Food & Beverage,MIXED_NEUTRAL,2026-01,,FOOD_QUALITY,1
CHASE,Food & Beverage,MIXED_NEUTRAL,2026-04,,FOOD_QUALITY | BEVERAGE_BAR,1
CHASE,Food & Beverage,MIXED_NEUTRAL,2026-04,LAS,FOOD_QUALITY | BEVERAGE_BAR,1
CHASE,Food & Beverage,MIXED_NEUTRAL,2026-07,PHL,FOOD_QUALITY,1
CHASE,Food & Beverage,MIXED_NEUTRAL,2026-07,PHL,FOOD_QUALITY | BEVERAGE_BAR,1
CHASE,Food & Beverage,MIXED_NEUTRAL,2026-08,,FOOD_QUALITY | BEVERAGE_BAR,1
CHASE,Food & Beverage,MIXED_NEUTRAL,2026-08,IAD,FOOD_QUALITY | FOOD_AVAILABILITY | BEVERAGE_BAR,1
CHASE,Food & Beverage,NEGATIVE,2026-01,,FOOD_AVAILABILITY,1
CHASE,Food & Beverage,NEGATIVE,2026-01,,FOOD_QUALITY,1
CHASE,Food & Beverage,NEGATIVE,2026-01,,FOOD_QUALITY | BEVERAGE_BAR,1
CHASE,Food & Beverage,NEGATIVE,2026-01,,FOOD_QUALITY | FOOD_AVAILABILITY,1
CHASE,Food & Beverage,NEGATIVE,2026-01,JFK,FOOD_QUALITY,1
CHASE,Food & Beverage,NEGATIVE,2026-01,PHX,FOOD_QUALITY,1
CHASE,Food & Beverage,NEGATIVE,2026-02,,FOOD_QUALITY,1
CHASE,Food & Beverage,NEGATIVE,2026-02,BOS,FOOD_QUALITY,1
CHASE,Food & Beverage,NEGATIVE,2026-03,BOS,FOOD_AVAILABILITY,1
CHASE,Food & Beverage,NEGATIVE,2026-03,SAN,BEVERAGE_BAR,1
CHASE,Food & Beverage,NEGATIVE,2026-04,,FOOD_AVAILABILITY,1
CHASE,Food & Beverage,NEGATIVE,2026-04,,FOOD_QUALITY,2
CHASE,Food & Beverage,NEGATIVE,2026-04,SAN,FOOD_QUALITY | FOOD_AVAILABILITY,1
CHASE,Food & Beverage,NEGATIVE,2026-05,,FOOD_QUALITY | BEVERAGE_BAR,1
CHASE,Food & Beverage,NEGATIVE,2026-05,LGA,FOOD_QUALITY,2
CHASE,Food & Beverage,NEGATIVE,2026-06,,FOOD_QUALITY,1
CHASE,Food & Beverage,NEGATIVE,2026-06,IAD,BEVERAGE_BAR,1
CHASE,Food & Beverage,NEGATIVE,2026-06,LAS,FOOD_QUALITY,1
CHASE,Food & Beverage,NEGATIVE,2026-07,,FOOD_QUALITY,1
CHASE,Food & Beverage,NEGATIVE,2026-07,DFW,BEVERAGE_BAR,1
CHASE,Food & Beverage,NEGATIVE,2026-08,,FOOD_QUALITY,1
CHASE,Food & Beverage,NEGATIVE,2026-08,IAD,FOOD_QUALITY | FOOD_AVAILABILITY,1
CHASE,Food & Beverage,POSITIVE,2026-01,,BEVERAGE_BAR,1
CHASE,Food & Beverage,POSITIVE,2026-01,,FOOD_AVAILABILITY,1
CHASE,Food & Beverage,POSITIVE,2026-01,,FOOD_QUALITY,2
CHASE,Food & Beverage,POSITIVE,2026-01,BOS,FOOD_QUALITY | BEVERAGE_BAR,1
CHASE,Food & Beverage,POSITIVE,2026-01,JFK,FOOD_QUALITY,1
CHASE,Food & Beverage,POSITIVE,2026-01,LAS,FOOD_QUALITY,1
CHASE,Food & Beverage,POSITIVE,2026-01,PHX,FOOD_QUALITY,2
CHASE,Food & Beverage,POSITIVE,2026-02,,FOOD_AVAILABILITY,1
CHASE,Food & Beverage,POSITIVE,2026-02,,FOOD_QUALITY,2
CHASE,Food & Beverage,POSITIVE,2026-02,,FOOD_QUALITY | BEVERAGE_BAR,1
CHASE,Food & Beverage,POSITIVE,2026-02,PHX,BEVERAGE_BAR,1
CHASE,Food & Beverage,POSITIVE,2026-02,PHX,FOOD_QUALITY | BEVERAGE_BAR,2
CHASE,Food & Beverage,POSITIVE,2026-03,,BEVERAGE_BAR,1
CHASE,Food & Beverage,POSITIVE,2026-03,,FOOD_QUALITY,3
CHASE,Food & Beverage,POSITIVE,2026-03,BOS,FOOD_AVAILABILITY | BEVERAGE_BAR,1
CHASE,Food & Beverage,POSITIVE,2026-03,Hong Kong,FOOD_QUALITY | BEVERAGE_BAR,1
CHASE,Food & Beverage,POSITIVE,2026-03,LGA,FOOD_AVAILABILITY | BEVERAGE_BAR,1
CHASE,Food & Beverage,POSITIVE,2026-03,SAN,FOOD_QUALITY,1
CHASE,Food & Beverage,POSITIVE,2026-04,,BEVERAGE_BAR,1
CHASE,Food & Beverage,POSITIVE,2026-04,,FOOD_AVAILABILITY | BEVERAGE_BAR,1
CHASE,Food & Beverage,POSITIVE,2026-04,,FOOD_QUALITY,6
CHASE,Food & Beverage,POSITIVE,2026-04,JFK,FOOD_QUALITY,1
CHASE,Food & Beverage,POSITIVE,2026-04,LAS,FOOD_QUALITY,1
CHASE,Food & Beverage,POSITIVE,2026-04,LGA,FOOD_QUALITY | BEVERAGE_BAR,1
CHASE,Food & Beverage,POSITIVE,2026-04,PHL,FOOD_QUALITY,1
CHASE,Food & Beverage,POSITIVE,2026-04,SAN,FOOD_QUALITY,1
CHASE,Food & Beverage,POSITIVE,2026-06,,BEVERAGE_BAR,1
CHASE,Food & Beverage,POSITIVE,2026-06,,FOOD_QUALITY,2
CHASE,Food & Beverage,POSITIVE,2026-06,JFK,FOOD_AVAILABILITY,1
CHASE,Food & Beverage,POSITIVE,2026-06,LAS,FOOD_QUALITY | BEVERAGE_BAR,1
CHASE,Food & Beverage,POSITIVE,2026-06,SAN,FOOD_QUALITY,1
CHASE,Food & Beverage,POSITIVE,2026-07,,FOOD_QUALITY,1
CHASE,Food & Beverage,POSITIVE,2026-07,,FOOD_QUALITY | BEVERAGE_BAR,1
CHASE,Food & Beverage,POSITIVE,2026-07,ATL,FOOD_QUALITY | BEVERAGE_BAR,1
CHASE,Food & Beverage,POSITIVE,2026-07,HKG,FOOD_QUALITY,1
CHASE,Food & Beverage,POSITIVE,2026-07,JFK,FOOD_QUALITY,1
CHASE,Food & Beverage,POSITIVE,2026-07,MULTIPLE,FOOD_QUALITY | BEVERAGE_BAR,1
CHASE,Food & Beverage,POSITIVE,2026-08,,FOOD_QUALITY,1
CHASE,Food & Beverage,POSITIVE,2026-08,IAD,BEVERAGE_BAR,1
CHASE,Food & Beverage,POSITIVE,2026-08,LAS,FOOD_QUALITY,1
CHASE,Food & Beverage,POSITIVE,2026-08,LGA,FOOD_QUALITY | BEVERAGE_BAR,1
CHASE,General Lounge Experience,MIXED_NEUTRAL,2026-01,,OVERALL_EXPERIENCE,1
CHASE,General Lounge Experience,MIXED_NEUTRAL,2026-01,MULTIPLE,OVERALL_EXPERIENCE,1
CHASE,General Lounge Experience,MIXED_NEUTRAL,2026-02,PHX,OVERALL_EXPERIENCE,1
CHASE,General Lounge Experience,MIXED_NEUTRAL,2026-03,,OVERALL_EXPERIENCE,1
CHASE,General Lounge Experience,MIXED_NEUTRAL,2026-03,BOS,OVERALL_EXPERIENCE,1
CHASE,General Lounge Experience,MIXED_NEUTRAL,2026-04,JFK,OVERALL_EXPERIENCE,1
CHASE,General Lounge Experience,MIXED_NEUTRAL,2026-05,,OVERALL_EXPERIENCE,1
CHASE,General Lounge Experience,MIXED_NEUTRAL,2026-06,LAS,OVERALL_EXPERIENCE,1
CHASE,General Lounge Experience,MIXED_NEUTRAL,2026-06,MULTIPLE,OVERALL_EXPERIENCE,1
CHASE,General Lounge Experience,MIXED_NEUTRAL,2026-07,,OVERALL_EXPERIENCE,3
CHASE,General Lounge Experience,MIXED_NEUTRAL,2026-07,MULTIPLE,OVERALL_EXPERIENCE,1
CHASE,General Lounge Experience,MIXED_NEUTRAL,2026-07,PHL,OVERALL_EXPERIENCE,1
CHASE,General Lounge Experience,MIXED_NEUTRAL,2026-08,,OVERALL_EXPERIENCE,1
CHASE,General Lounge Experience,NEGATIVE,2026-01,,OVERALL_EXPERIENCE,3
CHASE,General Lounge Experience,NEGATIVE,2026-01,PHX,OVERALL_EXPERIENCE,1
CHASE,General Lounge Experience,NEGATIVE,2026-02,,OVERALL_EXPERIENCE,2
CHASE,General Lounge Experience,NEGATIVE,2026-02,BOS,OVERALL_EXPERIENCE,1
CHASE,General Lounge Experience,NEGATIVE,2026-02,JFK,OVERALL_EXPERIENCE,1
CHASE,General Lounge Experience,NEGATIVE,2026-02,PHX,OVERALL_EXPERIENCE,3
CHASE,General Lounge Experience,NEGATIVE,2026-03,,OVERALL_EXPERIENCE,1
CHASE,General Lounge Experience,NEGATIVE,2026-03,MULTIPLE,OVERALL_EXPERIENCE,1
CHASE,General Lounge Experience,NEGATIVE,2026-04,,OVERALL_EXPERIENCE,1
CHASE,General Lounge Experience,NEGATIVE,2026-04,LAS,OVERALL_EXPERIENCE,1
CHASE,General Lounge Experience,NEGATIVE,2026-05,,OVERALL_EXPERIENCE,2
CHASE,General Lounge Experience,NEGATIVE,2026-05,IAD,OVERALL_EXPERIENCE,1
CHASE,General Lounge Experience,NEGATIVE,2026-06,,OVERALL_EXPERIENCE,2
CHASE,General Lounge Experience,NEGATIVE,2026-06,LAS,OVERALL_EXPERIENCE,1
CHASE,General Lounge Experience,NEGATIVE,2026-07,,OVERALL_EXPERIENCE,6
CHASE,General Lounge Experience,NEGATIVE,2026-07,BOS,OVERALL_EXPERIENCE,1
CHASE,General Lounge Experience,NEGATIVE,2026-07,MULTIPLE,OVERALL_EXPERIENCE,1
CHASE,General Lounge Experience,NEGATIVE,2026-08,,OVERALL_EXPERIENCE,1
CHASE,General Lounge Experience,NEGATIVE,2026-08,IAD,OVERALL_EXPERIENCE,2
CHASE,General Lounge Experience,NEGATIVE,2026-08,JFK,OVERALL_EXPERIENCE,2
CHASE,General Lounge Experience,POSITIVE,2026-01,,OVERALL_EXPERIENCE,13
CHASE,General Lounge Experience,POSITIVE,2026-01,LAS,OVERALL_EXPERIENCE,2
CHASE,General Lounge Experience,POSITIVE,2026-01,LGA,OVERALL_EXPERIENCE,4
CHASE,General Lounge Experience,POSITIVE,2026-01,MULTIPLE,OVERALL_EXPERIENCE,1
CHASE,General Lounge Experience,POSITIVE,2026-01,PHX,OVERALL_EXPERIENCE,1
CHASE,General Lounge Experience,POSITIVE,2026-02,,OVERALL_EXPERIENCE,4
CHASE,General Lounge Experience,POSITIVE,2026-02,JFK,OVERALL_EXPERIENCE,1
CHASE,General Lounge Experience,POSITIVE,2026-02,LGA,OVERALL_EXPERIENCE,1
CHASE,General Lounge Experience,POSITIVE,2026-02,PHX,OVERALL_EXPERIENCE,1
CHASE,General Lounge Experience,POSITIVE,2026-03,,OVERALL_EXPERIENCE,5
CHASE,General Lounge Experience,POSITIVE,2026-03,BOS,OVERALL_EXPERIENCE,1
CHASE,General Lounge Experience,POSITIVE,2026-03,JFK,OVERALL_EXPERIENCE,1
CHASE,General Lounge Experience,POSITIVE,2026-03,LGA,OVERALL_EXPERIENCE,1
CHASE,General Lounge Experience,POSITIVE,2026-03,PHX,OVERALL_EXPERIENCE,1
CHASE,General Lounge Experience,POSITIVE,2026-03,SAN,OVERALL_EXPERIENCE,1
CHASE,General Lounge Experience,POSITIVE,2026-04,,OVERALL_EXPERIENCE,12
CHASE,General Lounge Experience,POSITIVE,2026-04,BOS,OVERALL_EXPERIENCE,1
CHASE,General Lounge Experience,POSITIVE,2026-04,JFK,OVERALL_EXPERIENCE,2
CHASE,General Lounge Experience,POSITIVE,2026-04,LGA,OVERALL_EXPERIENCE,2
CHASE,General Lounge Experience,POSITIVE,2026-04,PHL,OVERALL_EXPERIENCE,5
CHASE,General Lounge Experience,POSITIVE,2026-04,SAN,OVERALL_EXPERIENCE,2
CHASE,General Lounge Experience,POSITIVE,2026-05,,OVERALL_EXPERIENCE,2
CHASE,General Lounge Experience,POSITIVE,2026-05,BOS,OVERALL_EXPERIENCE,2
CHASE,General Lounge Experience,POSITIVE,2026-05,LGA,OVERALL_EXPERIENCE,3
CHASE,General Lounge Experience,POSITIVE,2026-06,,OVERALL_EXPERIENCE,9
CHASE,General Lounge Experience,POSITIVE,2026-06,IAD,OVERALL_EXPERIENCE,1
CHASE,General Lounge Experience,POSITIVE,2026-06,JFK,OVERALL_EXPERIENCE,1
CHASE,General Lounge Experience,POSITIVE,2026-06,LAS,OVERALL_EXPERIENCE,2
CHASE,General Lounge Experience,POSITIVE,2026-06,SAN,OVERALL_EXPERIENCE,1
CHASE,General Lounge Experience,POSITIVE,2026-07,,OVERALL_EXPERIENCE,20
CHASE,General Lounge Experience,POSITIVE,2026-07,ATL,OVERALL_EXPERIENCE,1
CHASE,General Lounge Experience,POSITIVE,2026-07,BOS,OVERALL_EXPERIENCE,1
CHASE,General Lounge Experience,POSITIVE,2026-07,DFW,OVERALL_EXPERIENCE,1
CHASE,General Lounge Experience,POSITIVE,2026-07,HKG,OVERALL_EXPERIENCE,1
CHASE,General Lounge Experience,POSITIVE,2026-07,JFK,OVERALL_EXPERIENCE,1
CHASE,General Lounge Experience,POSITIVE,2026-07,LAS,OVERALL_EXPERIENCE,1
CHASE,General Lounge Experience,POSITIVE,2026-07,PHL,OVERALL_EXPERIENCE,2
CHASE,General Lounge Experience,POSITIVE,2026-07,SAN,OVERALL_EXPERIENCE,2
CHASE,General Lounge Experience,POSITIVE,2026-08,,OVERALL_EXPERIENCE,8
CHASE,General Lounge Experience,POSITIVE,2026-08,DFW,OVERALL_EXPERIENCE,1
CHASE,General Lounge Experience,POSITIVE,2026-08,JFK,OVERALL_EXPERIENCE,1
CHASE,General Lounge Experience,POSITIVE,2026-08,LGA,OVERALL_EXPERIENCE,2
CHASE,General Lounge Experience,POSITIVE,2026-08,PHL,OVERALL_EXPERIENCE,1
CHASE,General Lounge Experience,POSITIVE,2026-08,YYZ,OVERALL_EXPERIENCE,1
CHASE,Service & Upkeep,MIXED_NEUTRAL,2026-03,,STAFF_SERVICE,2
CHASE,Service & Upkeep,MIXED_NEUTRAL,2026-05,LGA,STAFF_SERVICE,1
CHASE,Service & Upkeep,MIXED_NEUTRAL,2026-07,PHL,STAFF_SERVICE | CLEANLINESS,1
CHASE,Service & Upkeep,MIXED_NEUTRAL,2026-08,,STAFF_SERVICE,1
CHASE,Service & Upkeep,NEGATIVE,2026-01,BOS,STAFF_SERVICE,1
CHASE,Service & Upkeep,NEGATIVE,2026-02,,STAFF_SERVICE,1
CHASE,Service & Upkeep,NEGATIVE,2026-02,PHX,STAFF_SERVICE,1
CHASE,Service & Upkeep,NEGATIVE,2026-03,,STAFF_SERVICE,2
CHASE,Service & Upkeep,NEGATIVE,2026-04,,STAFF_SERVICE,1
CHASE,Service & Upkeep,NEGATIVE,2026-05,,STAFF_SERVICE,1
CHASE,Service & Upkeep,NEGATIVE,2026-06,JFK,STAFF_SERVICE,1
CHASE,Service & Upkeep,NEGATIVE,2026-06,LAS,STAFF_SERVICE,2
CHASE,Service & Upkeep,NEGATIVE,2026-08,,STAFF_SERVICE,1
CHASE,Service & Upkeep,POSITIVE,2026-01,,STAFF_SERVICE,1
CHASE,Service & Upkeep,POSITIVE,2026-01,LAS,STAFF_SERVICE,1
CHASE,Service & Upkeep,POSITIVE,2026-01,PHX,STAFF_SERVICE,1
CHASE,Service & Upkeep,POSITIVE,2026-02,,STAFF_SERVICE,1
CHASE,Service & Upkeep,POSITIVE,2026-02,PHX,STAFF_SERVICE,1
CHASE,Service & Upkeep,POSITIVE,2026-03,,STAFF_SERVICE,1
CHASE,Service & Upkeep,POSITIVE,2026-03,BOS,STAFF_SERVICE,2
CHASE,Service & Upkeep,POSITIVE,2026-04,LAS,STAFF_SERVICE,1
CHASE,Service & Upkeep,POSITIVE,2026-04,SAN,CLEANLINESS,1
CHASE,Service & Upkeep,POSITIVE,2026-06,,STAFF_SERVICE,1
CHASE,Service & Upkeep,POSITIVE,2026-06,JFK,STAFF_SERVICE,1
CHASE,Service & Upkeep,POSITIVE,2026-06,LAS,STAFF_SERVICE,1
CHASE,Service & Upkeep,POSITIVE,2026-07,,STAFF_SERVICE,1
CHASE,Service & Upkeep,POSITIVE,2026-07,PHL,STAFF_SERVICE,1
CHASE,Service & Upkeep,POSITIVE,2026-08,,STAFF_SERVICE,1
CHASE,Service & Upkeep,POSITIVE,2026-08,LGA,STAFF_SERVICE,1
CHASE,"Space, Amenities & Convenience",MIXED_NEUTRAL,2026-01,,AMBIENCE_DESIGN,1
CHASE,"Space, Amenities & Convenience",MIXED_NEUTRAL,2026-02,,AMBIENCE_DESIGN,1
CHASE,"Space, Amenities & Convenience",MIXED_NEUTRAL,2026-02,,AMBIENCE_DESIGN | FAMILY_CHILDREN,1
CHASE,"Space, Amenities & Convenience",MIXED_NEUTRAL,2026-02,PHX,AMBIENCE_DESIGN | LOCATION_CONVENIENCE,1
CHASE,"Space, Amenities & Convenience",MIXED_NEUTRAL,2026-04,ATL,LOCATION_CONVENIENCE | VALUE_FOR_MONEY,1
CHASE,"Space, Amenities & Convenience",MIXED_NEUTRAL,2026-04,BOS,AMBIENCE_DESIGN,1
CHASE,"Space, Amenities & Convenience",MIXED_NEUTRAL,2026-06,,LOCATION_CONVENIENCE,1
CHASE,"Space, Amenities & Convenience",MIXED_NEUTRAL,2026-06,JFK,OPERATING_HOURS,1
CHASE,"Space, Amenities & Convenience",MIXED_NEUTRAL,2026-06,LAS,AMBIENCE_DESIGN | WIFI_WORKSPACE,1
CHASE,"Space, Amenities & Convenience",MIXED_NEUTRAL,2026-07,DFW,AMBIENCE_DESIGN | AMENITIES,1
CHASE,"Space, Amenities & Convenience",MIXED_NEUTRAL,2026-07,MULTIPLE,AMENITIES,1
CHASE,"Space, Amenities & Convenience",MIXED_NEUTRAL,2026-08,,AMBIENCE_DESIGN | FAMILY_CHILDREN | LOCATION_CONVENIENCE | VALUE_FOR_MONEY,1
CHASE,"Space, Amenities & Convenience",NEGATIVE,2026-01,,AMBIENCE_DESIGN,3
CHASE,"Space, Amenities & Convenience",NEGATIVE,2026-01,JFK,OPERATING_HOURS,1
CHASE,"Space, Amenities & Convenience",NEGATIVE,2026-01,LAS,AMBIENCE_DESIGN,1
CHASE,"Space, Amenities & Convenience",NEGATIVE,2026-01,MULTIPLE,AMBIENCE_DESIGN,1
CHASE,"Space, Amenities & Convenience",NEGATIVE,2026-01,PHX,AMBIENCE_DESIGN,2
CHASE,"Space, Amenities & Convenience",NEGATIVE,2026-02,,AMBIENCE_DESIGN,2
CHASE,"Space, Amenities & Convenience",NEGATIVE,2026-02,,LOCATION_CONVENIENCE,1
CHASE,"Space, Amenities & Convenience",NEGATIVE,2026-02,BOS,LOCATION_CONVENIENCE,1
CHASE,"Space, Amenities & Convenience",NEGATIVE,2026-02,LAX,AMBIENCE_DESIGN | LOCATION_CONVENIENCE,1
CHASE,"Space, Amenities & Convenience",NEGATIVE,2026-02,PHX,AMBIENCE_DESIGN,2
CHASE,"Space, Amenities & Convenience",NEGATIVE,2026-03,,AMBIENCE_DESIGN,3
CHASE,"Space, Amenities & Convenience",NEGATIVE,2026-03,,AMBIENCE_DESIGN | AMENITIES,1
CHASE,"Space, Amenities & Convenience",NEGATIVE,2026-03,,VALUE_FOR_MONEY,1
CHASE,"Space, Amenities & Convenience",NEGATIVE,2026-03,Hong Kong,AMENITIES,1
CHASE,"Space, Amenities & Convenience",NEGATIVE,2026-04,,AMBIENCE_DESIGN,2
CHASE,"Space, Amenities & Convenience",NEGATIVE,2026-04,,AMBIENCE_DESIGN | VALUE_FOR_MONEY,1
CHASE,"Space, Amenities & Convenience",NEGATIVE,2026-04,,LOCATION_CONVENIENCE,3
CHASE,"Space, Amenities & Convenience",NEGATIVE,2026-04,,VALUE_FOR_MONEY,1
CHASE,"Space, Amenities & Convenience",NEGATIVE,2026-04,LAS,AMBIENCE_DESIGN,2
CHASE,"Space, Amenities & Convenience",NEGATIVE,2026-04,LAS,VALUE_FOR_MONEY,1
CHASE,"Space, Amenities & Convenience",NEGATIVE,2026-05,,AMBIENCE_DESIGN,1
CHASE,"Space, Amenities & Convenience",NEGATIVE,2026-05,LAS,AMBIENCE_DESIGN,1
CHASE,"Space, Amenities & Convenience",NEGATIVE,2026-05,LGA,AMBIENCE_DESIGN,1
CHASE,"Space, Amenities & Convenience",NEGATIVE,2026-05,MULTIPLE,AMBIENCE_DESIGN,1
CHASE,"Space, Amenities & Convenience",NEGATIVE,2026-06,,AMBIENCE_DESIGN,1
CHASE,"Space, Amenities & Convenience",NEGATIVE,2026-06,LAS,VALUE_FOR_MONEY,1
CHASE,"Space, Amenities & Convenience",NEGATIVE,2026-07,,AMBIENCE_DESIGN,1
CHASE,"Space, Amenities & Convenience",NEGATIVE,2026-07,,LOCATION_CONVENIENCE,3
CHASE,"Space, Amenities & Convenience",NEGATIVE,2026-07,,OPERATING_HOURS,2
CHASE,"Space, Amenities & Convenience",NEGATIVE,2026-07,,VALUE_FOR_MONEY,1
CHASE,"Space, Amenities & Convenience",NEGATIVE,2026-07,BOS,VALUE_FOR_MONEY,1
CHASE,"Space, Amenities & Convenience",NEGATIVE,2026-07,LAS,AMBIENCE_DESIGN,1
CHASE,"Space, Amenities & Convenience",NEGATIVE,2026-08,,AMBIENCE_DESIGN | VALUE_FOR_MONEY,1
CHASE,"Space, Amenities & Convenience",NEGATIVE,2026-08,JFK,VALUE_FOR_MONEY,1
CHASE,"Space, Amenities & Convenience",NEGATIVE,2026-08,PHX,AMBIENCE_DESIGN,1
CHASE,"Space, Amenities & Convenience",POSITIVE,2026-01,,LOCATION_CONVENIENCE,1
CHASE,"Space, Amenities & Convenience",POSITIVE,2026-01,BOS,AMBIENCE_DESIGN | AMENITIES,1
CHASE,"Space, Amenities & Convenience",POSITIVE,2026-01,LGA,AMBIENCE_DESIGN,1
CHASE,"Space, Amenities & Convenience",POSITIVE,2026-01,PHX,AMBIENCE_DESIGN,1
CHASE,"Space, Amenities & Convenience",POSITIVE,2026-02,,AMENITIES,1
CHASE,"Space, Amenities & Convenience",POSITIVE,2026-02,PHX,FAMILY_CHILDREN,1
CHASE,"Space, Amenities & Convenience",POSITIVE,2026-03,,LOCATION_CONVENIENCE,1
CHASE,"Space, Amenities & Convenience",POSITIVE,2026-03,BOS,AMENITIES | WIFI_WORKSPACE | VALUE_FOR_MONEY,1
CHASE,"Space, Amenities & Convenience",POSITIVE,2026-04,,AMENITIES,1
CHASE,"Space, Amenities & Convenience",POSITIVE,2026-04,LAS,AMBIENCE_DESIGN,1
CHASE,"Space, Amenities & Convenience",POSITIVE,2026-04,LGA,AMENITIES,1
CHASE,"Space, Amenities & Convenience",POSITIVE,2026-04,PHL,AMBIENCE_DESIGN,4
CHASE,"Space, Amenities & Convenience",POSITIVE,2026-04,SAN,AMBIENCE_DESIGN,1
CHASE,"Space, Amenities & Convenience",POSITIVE,2026-04,SAN,VALUE_FOR_MONEY,1
CHASE,"Space, Amenities & Convenience",POSITIVE,2026-05,,WIFI_WORKSPACE | LOCATION_CONVENIENCE | VALUE_FOR_MONEY,1
CHASE,"Space, Amenities & Convenience",POSITIVE,2026-06,,LOCATION_CONVENIENCE,1
CHASE,"Space, Amenities & Convenience",POSITIVE,2026-06,,VALUE_FOR_MONEY,1
CHASE,"Space, Amenities & Convenience",POSITIVE,2026-06,PHX,FAMILY_CHILDREN | VALUE_FOR_MONEY,1
CHASE,"Space, Amenities & Convenience",POSITIVE,2026-07,,AMBIENCE_DESIGN,1
CHASE,"Space, Amenities & Convenience",POSITIVE,2026-07,,VALUE_FOR_MONEY,1
CHASE,"Space, Amenities & Convenience",POSITIVE,2026-07,ATL,AMBIENCE_DESIGN,1
CHASE,"Space, Amenities & Convenience",POSITIVE,2026-07,DFW,AMBIENCE_DESIGN,1
CHASE,"Space, Amenities & Convenience",POSITIVE,2026-07,HKG,AMBIENCE_DESIGN,1
CHASE,"Space, Amenities & Convenience",POSITIVE,2026-07,JFK,AMBIENCE_DESIGN | FAMILY_CHILDREN,1
CHASE,"Space, Amenities & Convenience",POSITIVE,2026-08,,AMENITIES,1
CHASE,"Space, Amenities & Convenience",POSITIVE,2026-08,IAD,AMBIENCE_DESIGN,1
DELTA,Access & Capacity,MIXED_NEUTRAL,2026-02,SEA,ACCESS_EXPERIENCE,1
DELTA,Access & Capacity,MIXED_NEUTRAL,2026-06,,CROWDING | ACCESS_EXPERIENCE | RESERVATION_SYSTEM,1
DELTA,Access & Capacity,MIXED_NEUTRAL,2026-06,IAD,CROWDING | WAIT_TIME_QUEUE,1
DELTA,Access & Capacity,MIXED_NEUTRAL,2026-06,JFK,WAIT_TIME_QUEUE | ACCESS_EXPERIENCE,1
DELTA,Access & Capacity,MIXED_NEUTRAL,2026-06,MULTIPLE,CROWDING | WAIT_TIME_QUEUE | SEATING_AVAILABILITY,1
DELTA,Access & Capacity,NEGATIVE,2026-01,,CROWDING,1
DELTA,Access & Capacity,NEGATIVE,2026-01,ATL,WAIT_TIME_QUEUE | SEATING_AVAILABILITY,1
DELTA,Access & Capacity,NEGATIVE,2026-02,BOS,ACCESS_EXPERIENCE,1
DELTA,Access & Capacity,NEGATIVE,2026-02,LAX,CROWDING,1
DELTA,Access & Capacity,NEGATIVE,2026-03,,ACCESS_EXPERIENCE,1
DELTA,Access & Capacity,NEGATIVE,2026-03,,CROWDING,1
DELTA,Access & Capacity,NEGATIVE,2026-03,,WAIT_TIME_QUEUE,1
DELTA,Access & Capacity,NEGATIVE,2026-04,,WAIT_TIME_QUEUE,1
DELTA,Access & Capacity,NEGATIVE,2026-05,,ACCESS_EXPERIENCE,1
DELTA,Access & Capacity,NEGATIVE,2026-07,,CROWDING,2
DELTA,Access & Capacity,POSITIVE,2026-01,,ACCESS_EXPERIENCE,2
DELTA,Access & Capacity,POSITIVE,2026-01,,WAIT_TIME_QUEUE,1
DELTA,Access & Capacity,POSITIVE,2026-01,LAX,CROWDING,1
DELTA,Access & Capacity,POSITIVE,2026-02,,CROWDING,1
DELTA,Access & Capacity,POSITIVE,2026-02,LAX,CROWDING | WAIT_TIME_QUEUE,1
DELTA,Access & Capacity,POSITIVE,2026-03,,WAIT_TIME_QUEUE,1
DELTA,Access & Capacity,POSITIVE,2026-04,,CROWDING,1
DELTA,Access & Capacity,POSITIVE,2026-04,,WAIT_TIME_QUEUE,1
DELTA,Access & Capacity,POSITIVE,2026-04,JFK,ACCESS_EXPERIENCE,1
DELTA,Access & Capacity,POSITIVE,2026-04,SLC,WAIT_TIME_QUEUE,1
DELTA,Access & Capacity,POSITIVE,2026-05,,WAIT_TIME_QUEUE | SEATING_AVAILABILITY,1
DELTA,Access & Capacity,POSITIVE,2026-05,MSP,CROWDING,1
DELTA,Access & Capacity,POSITIVE,2026-06,,ACCESS_EXPERIENCE,3
DELTA,Access & Capacity,POSITIVE,2026-06,,CROWDING,1
DELTA,Access & Capacity,POSITIVE,2026-06,,WAIT_TIME_QUEUE,2
DELTA,Access & Capacity,POSITIVE,2026-06,ATL,CROWDING | ACCESS_EXPERIENCE,1
DELTA,Access & Capacity,POSITIVE,2026-06,MCO,CROWDING,1
DELTA,Access & Capacity,POSITIVE,2026-08,,WAIT_TIME_QUEUE | SEATING_AVAILABILITY,1
DELTA,Food & Beverage,MIXED_NEUTRAL,2026-06,ATL,FOOD_QUALITY,1
DELTA,Food & Beverage,NEGATIVE,2026-01,,BEVERAGE_BAR,1
DELTA,Food & Beverage,NEGATIVE,2026-01,,FOOD_QUALITY,1
DELTA,Food & Beverage,NEGATIVE,2026-01,ATL,FOOD_QUALITY,1
DELTA,Food & Beverage,NEGATIVE,2026-03,,BEVERAGE_BAR,2
DELTA,Food & Beverage,NEGATIVE,2026-04,,FOOD_QUALITY,1
DELTA,Food & Beverage,NEGATIVE,2026-04,,FOOD_QUALITY | BEVERAGE_BAR,1
DELTA,Food & Beverage,NEGATIVE,2026-04,LAX,BEVERAGE_BAR,1
DELTA,Food & Beverage,NEGATIVE,2026-06,PDX,FOOD_AVAILABILITY,2
DELTA,Food & Beverage,NEGATIVE,2026-07,,BEVERAGE_BAR,1
DELTA,Food & Beverage,NEGATIVE,2026-08,MCO,FOOD_QUALITY,1
DELTA,Food & Beverage,POSITIVE,2026-01,,BEVERAGE_BAR,1
DELTA,Food & Beverage,POSITIVE,2026-01,,FOOD_AVAILABILITY | BEVERAGE_BAR,1
DELTA,Food & Beverage,POSITIVE,2026-01,,FOOD_QUALITY,4
DELTA,Food & Beverage,POSITIVE,2026-01,LAX,FOOD_QUALITY | BEVERAGE_BAR,1
DELTA,Food & Beverage,POSITIVE,2026-01,SLC,FOOD_QUALITY,1
DELTA,Food & Beverage,POSITIVE,2026-02,LAX,FOOD_QUALITY,1
DELTA,Food & Beverage,POSITIVE,2026-04,,FOOD_QUALITY,3
DELTA,Food & Beverage,POSITIVE,2026-04,,FOOD_QUALITY | BEVERAGE_BAR,2
DELTA,Food & Beverage,POSITIVE,2026-05,,BEVERAGE_BAR,1
DELTA,Food & Beverage,POSITIVE,2026-05,,FOOD_AVAILABILITY | BEVERAGE_BAR,1
DELTA,Food & Beverage,POSITIVE,2026-06,,FOOD_QUALITY,2
DELTA,Food & Beverage,POSITIVE,2026-06,,FOOD_QUALITY | BEVERAGE_BAR,2
DELTA,Food & Beverage,POSITIVE,2026-06,LGA,FOOD_QUALITY | BEVERAGE_BAR,1
DELTA,Food & Beverage,POSITIVE,2026-06,SLC,FOOD_QUALITY | BEVERAGE_BAR,1
DELTA,Food & Beverage,POSITIVE,2026-07,,FOOD_AVAILABILITY,1
DELTA,Food & Beverage,POSITIVE,2026-07,,FOOD_QUALITY,1
DELTA,Food & Beverage,POSITIVE,2026-08,,FOOD_QUALITY,1
DELTA,Food & Beverage,POSITIVE,2026-08,LAX,FOOD_QUALITY,1
DELTA,General Lounge Experience,MIXED_NEUTRAL,2026-02,,OVERALL_EXPERIENCE,1
DELTA,General Lounge Experience,MIXED_NEUTRAL,2026-05,MULTIPLE,OVERALL_EXPERIENCE,1
DELTA,General Lounge Experience,MIXED_NEUTRAL,2026-06,,OVERALL_EXPERIENCE,1
DELTA,General Lounge Experience,MIXED_NEUTRAL,2026-06,SAN,OVERALL_EXPERIENCE,1
DELTA,General Lounge Experience,MIXED_NEUTRAL,2026-07,,OVERALL_EXPERIENCE,2
DELTA,General Lounge Experience,NEGATIVE,2026-01,ATL,OVERALL_EXPERIENCE,1
DELTA,General Lounge Experience,NEGATIVE,2026-01,DFW,OVERALL_EXPERIENCE,1
DELTA,General Lounge Experience,NEGATIVE,2026-02,ATL,OVERALL_EXPERIENCE,1
DELTA,General Lounge Experience,NEGATIVE,2026-03,MSP,OVERALL_EXPERIENCE,1
DELTA,General Lounge Experience,NEGATIVE,2026-04,,OVERALL_EXPERIENCE,1
DELTA,General Lounge Experience,NEGATIVE,2026-07,,OVERALL_EXPERIENCE,1
DELTA,General Lounge Experience,NEGATIVE,2026-08,,OVERALL_EXPERIENCE,1
DELTA,General Lounge Experience,NEGATIVE,2026-08,LGA,OVERALL_EXPERIENCE,1
DELTA,General Lounge Experience,NEGATIVE,2026-08,TPA,OVERALL_EXPERIENCE,1
DELTA,General Lounge Experience,POSITIVE,2026-01,,OVERALL_EXPERIENCE,10
DELTA,General Lounge Experience,POSITIVE,2026-01,ATL,OVERALL_EXPERIENCE,1
DELTA,General Lounge Experience,POSITIVE,2026-01,LAX,OVERALL_EXPERIENCE,7
DELTA,General Lounge Experience,POSITIVE,2026-02,,OVERALL_EXPERIENCE,7
DELTA,General Lounge Experience,POSITIVE,2026-02,ATL,OVERALL_EXPERIENCE,1
DELTA,General Lounge Experience,POSITIVE,2026-02,LAX,OVERALL_EXPERIENCE,5
DELTA,General Lounge Experience,POSITIVE,2026-03,,OVERALL_EXPERIENCE,4
DELTA,General Lounge Experience,POSITIVE,2026-03,LGA,OVERALL_EXPERIENCE,1
DELTA,General Lounge Experience,POSITIVE,2026-03,ORD,OVERALL_EXPERIENCE,1
DELTA,General Lounge Experience,POSITIVE,2026-04,,OVERALL_EXPERIENCE,6
DELTA,General Lounge Experience,POSITIVE,2026-04,JFK,OVERALL_EXPERIENCE,1
DELTA,General Lounge Experience,POSITIVE,2026-04,LAX,OVERALL_EXPERIENCE,1
DELTA,General Lounge Experience,POSITIVE,2026-05,,OVERALL_EXPERIENCE,7
DELTA,General Lounge Experience,POSITIVE,2026-05,JFK,OVERALL_EXPERIENCE,2
DELTA,General Lounge Experience,POSITIVE,2026-05,MSP,OVERALL_EXPERIENCE,1
DELTA,General Lounge Experience,POSITIVE,2026-06,,OVERALL_EXPERIENCE,10
DELTA,General Lounge Experience,POSITIVE,2026-06,JFK,OVERALL_EXPERIENCE,1
DELTA,General Lounge Experience,POSITIVE,2026-06,LGA,OVERALL_EXPERIENCE,2
DELTA,General Lounge Experience,POSITIVE,2026-06,MULTIPLE,OVERALL_EXPERIENCE,1
DELTA,General Lounge Experience,POSITIVE,2026-06,SFO,OVERALL_EXPERIENCE,1
DELTA,General Lounge Experience,POSITIVE,2026-06,SLC,OVERALL_EXPERIENCE,1
DELTA,General Lounge Experience,POSITIVE,2026-07,,OVERALL_EXPERIENCE,8
DELTA,General Lounge Experience,POSITIVE,2026-07,DFW,OVERALL_EXPERIENCE,1
DELTA,General Lounge Experience,POSITIVE,2026-07,PHX,OVERALL_EXPERIENCE,1
DELTA,General Lounge Experience,POSITIVE,2026-08,,OVERALL_EXPERIENCE,4
DELTA,General Lounge Experience,POSITIVE,2026-08,JFK,OVERALL_EXPERIENCE,2
DELTA,General Lounge Experience,POSITIVE,2026-08,LAX,OVERALL_EXPERIENCE,2
DELTA,General Lounge Experience,POSITIVE,2026-08,SLC,OVERALL_EXPERIENCE,1
DELTA,Service & Upkeep,NEGATIVE,2026-04,,STAFF_SERVICE,1
DELTA,Service & Upkeep,POSITIVE,2026-02,ATL,STAFF_SERVICE,1
DELTA,Service & Upkeep,POSITIVE,2026-05,,CLEANLINESS,1
DELTA,Service & Upkeep,POSITIVE,2026-05,,STAFF_SERVICE,1
DELTA,Service & Upkeep,POSITIVE,2026-06,PDX,STAFF_SERVICE,1
DELTA,Service & Upkeep,POSITIVE,2026-07,,STAFF_SERVICE,1
DELTA,Service & Upkeep,POSITIVE,2026-07,,STAFF_SERVICE | CLEANLINESS,1
DELTA,Service & Upkeep,POSITIVE,2026-08,,STAFF_SERVICE,1
DELTA,Service & Upkeep,POSITIVE,2026-08,LAX,STAFF_SERVICE,1
DELTA,"Space, Amenities & Convenience",MIXED_NEUTRAL,2026-01,,AMBIENCE_DESIGN,1
DELTA,"Space, Amenities & Convenience",MIXED_NEUTRAL,2026-01,LAX,LOCATION_CONVENIENCE,1
DELTA,"Space, Amenities & Convenience",MIXED_NEUTRAL,2026-06,,AMBIENCE_DESIGN | LOCATION_CONVENIENCE,1
DELTA,"Space, Amenities & Convenience",NEGATIVE,2026-03,,AMBIENCE_DESIGN | FAMILY_CHILDREN,1
DELTA,"Space, Amenities & Convenience",NEGATIVE,2026-03,,LOCATION_CONVENIENCE,1
DELTA,"Space, Amenities & Convenience",NEGATIVE,2026-06,,AMBIENCE_DESIGN,2
DELTA,"Space, Amenities & Convenience",NEGATIVE,2026-06,,LOCATION_CONVENIENCE,1
DELTA,"Space, Amenities & Convenience",NEGATIVE,2026-06,PDX,AMBIENCE_DESIGN,2
DELTA,"Space, Amenities & Convenience",NEGATIVE,2026-08,,AMENITIES,1
DELTA,"Space, Amenities & Convenience",NEGATIVE,2026-08,MCO,AMBIENCE_DESIGN,1
DELTA,"Space, Amenities & Convenience",NEGATIVE,2026-08,TPA,AMBIENCE_DESIGN,1
DELTA,"Space, Amenities & Convenience",POSITIVE,2026-01,,AMBIENCE_DESIGN,5
DELTA,"Space, Amenities & Convenience",POSITIVE,2026-01,,AMBIENCE_DESIGN | AMENITIES,3
DELTA,"Space, Amenities & Convenience",POSITIVE,2026-01,,AMENITIES,1
DELTA,"Space, Amenities & Convenience",POSITIVE,2026-02,LAX,AMENITIES,1
DELTA,"Space, Amenities & Convenience",POSITIVE,2026-03,,AMBIENCE_DESIGN,1
DELTA,"Space, Amenities & Convenience",POSITIVE,2026-03,,AMENITIES,1
DELTA,"Space, Amenities & Convenience",POSITIVE,2026-03,,FAMILY_CHILDREN,1
DELTA,"Space, Amenities & Convenience",POSITIVE,2026-03,DFW,AMENITIES,1
DELTA,"Space, Amenities & Convenience",POSITIVE,2026-03,MSP,AMBIENCE_DESIGN,1
DELTA,"Space, Amenities & Convenience",POSITIVE,2026-04,,AMBIENCE_DESIGN | FAMILY_CHILDREN,1
DELTA,"Space, Amenities & Convenience",POSITIVE,2026-04,,AMBIENCE_DESIGN | LOCATION_CONVENIENCE,1
DELTA,"Space, Amenities & Convenience",POSITIVE,2026-04,,AMENITIES,1
DELTA,"Space, Amenities & Convenience",POSITIVE,2026-06,,AMENITIES,1
DELTA,"Space, Amenities & Convenience",POSITIVE,2026-06,,LOCATION_CONVENIENCE,1
DELTA,"Space, Amenities & Convenience",POSITIVE,2026-06,LGA,AMBIENCE_DESIGN,1
DELTA,"Space, Amenities & Convenience",POSITIVE,2026-06,SFO,LOCATION_CONVENIENCE,1
DELTA,"Space, Amenities & Convenience",POSITIVE,2026-07,,VALUE_FOR_MONEY,1
DELTA,"Space, Amenities & Convenience",POSITIVE,2026-08,,AMENITIES | VALUE_FOR_MONEY,1
DELTA,"Space, Amenities & Convenience",POSITIVE,2026-08,,VALUE_FOR_MONEY,1
DELTA,"Space, Amenities & Convenience",POSITIVE,2026-08,LAX,AMBIENCE_DESIGN,2
DELTA,"Space, Amenities & Convenience",POSITIVE,2026-08,LGA,AMENITIES,1
